,AAPL,MSFT,TSLA
2020-01-02,-0.0016873322726239648,0.00046332235099533214,0.0009722262728311115
2020-01-03,0.012536322759858054,0.01703184929890922,0.022405110983763743
2020-01-06,0.02861633744183001,0.00775035319432793,0.024896792323991113
2020-01-07,-0.0034089370802404817,0.00022462084230712165,-0.02419848883284126
2020-01-08,-0.0034086425676705945,0.01294962397396704,0.004078137538174431
2020-01-09,0.029657096382460946,0.021684885715469004,0.017353669427080387
2020-01-10,0.014721129137316602,0.00900747997054574,0.053537744434358325
2020-01-13,-0.007621348063173938,0.0007555746004361819,0.026194940198057237
2020-01-14,0.01062209893972721,-0.018896718874764185,0.029236210602554102
2020-01-15,-0.007513152572309445,-0.015259087048902997,0.0041424884609020385
2020-01-16,-0.007554456130902887,-0.003970467333278216,0.05186635795587313
2020-01-17,0.00516863242016119,-0.008506297998014611,0.015663098151584842
2020-01-20,-0.033079542994439715,-0.0022021412661066275,-0.02852338050937997
2020-01-21,-0.02979561256542973,0.0014508002673787601,0.05160540006482628
2020-01-22,-0.009277868033111925,0.00858200739698356,0.02595779922074737
2020-01-23,-0.01727991984575694,-0.00045737704210258023,-0.0142046884818815
2020-01-24,0.006477339802372306,0.007928792363542714,-0.015461478671590423
2020-01-27,-0.015424242228700535,0.0015683447904648595,0.011647453515114536
2020-01-28,-0.02432083073437019,-0.02861461890126238,0.017563931024354273
2020-01-29,0.027554469683493066,-0.01339944821891581,0.008138165593346125
2020-01-30,-0.0032586524382941517,-0.001560095120245908,0.012169253649668255
2020-01-31,0.0020175401852733366,-0.017392396508635555,0.06257850708736035
2020-02-03,-0.02453935910222138,0.009645148448794494,0.03946276786856995
2020-02-04,-0.00895852022172583,0.023841021870787404,0.007903313290819947
2020-02-05,0.0028005207669872245,0.019060809146364877,0.034735532930427304
2020-02-06,-0.01972083377997802,-0.0025982617236194328,-0.03433503941623228
2020-02-07,0.007591232743184406,0.02322652247586321,0.015242445719222175
2020-02-10,-0.009961548212668703,0.002834020121843084,0.06665301459732609
2020-02-11,-0.0044405987521515256,-0.00444637504121892,-0.006410967828646585
2020-02-12,-0.009980579144474255,-0.008564156829133251,-0.02806581478824799
2020-02-13,0.03473050101786668,-0.00392930529539659,-0.021391007577491572
2020-02-14,0.0005572051358564423,-0.005209037941003802,-0.0362633017807521
2020-02-17,-0.018073476474838257,0.003161229516115416,-0.025924698556615833
2020-02-18,0.01572821496815746,0.0030131401242297073,-0.01169881389168781
2020-02-19,-0.02095256556453895,0.000645898805158307,-0.046861300144955265
2020-02-20,0.0045699552504949725,0.00717972405763212,0.0017481679553141838
2020-02-21,-0.033886601811215944,0.018631127519986856,0.03332287425445846
2020-02-24,-0.022842418629311467,0.01495402107237842,-0.0301088849440585
2020-02-25,0.004352948923793676,-0.02144028754516958,0.05588041692921908
2020-02-26,0.014192164383072692,-0.03700669267219936,0.019260865651495207
2020-02-27,0.003892184012451727,0.014722117013299174,0.0379735684482958
2020-02-28,-0.0012808480959511925,-0.019706419730147196,-0.021587784380239117
2020-03-02,-0.0046092113520735944,-0.002767644020394866,0.03159730538414207
2020-03-03,-0.025483078432479433,-0.01680882384668514,-0.03634090857152361
2020-03-04,-0.012083595605882791,-0.026083498633000524,0.03288789706394679
2020-03-05,-0.00746350654965966,0.008760087874300382,0.007240463204177372
2020-03-06,0.020026084564801927,0.012059463364650691,0.020776684266450962
2020-03-09,0.00700958212972691,-0.008015360320205112,-0.039158495407239924
2020-03-10,-0.030461140204162795,-0.037542754803777,-0.02967813649687412
2020-03-11,0.00665556191655714,-0.007564907678209165,0.022349068365525637
2020-03-12,-0.006112721877656435,0.006498081596048699,-0.03148584431290924
2020-03-13,-0.011320036718456494,-0.021352412856650793,0.017564696628656673
2020-03-16,0.011880188654699975,0.0033560176561231447,-0.0455784446590034
2020-03-17,0.019546572203528845,0.00037042085127136914,0.03136802174135078
2020-03-18,0.017718179264541556,0.0093326526259645,-0.0410710706959273
2020-03-19,-0.014204072042696136,0.002396572726573565,0.02074269819432728
2020-03-20,-0.004754484251606961,-0.013898544978172,0.02336588582510868
2020-03-23,0.006785660739260457,0.01872166585141377,-0.022920260557595218
2020-03-24,0.018529389856172473,-0.0017763639899786021,0.021805264259113777
2020-03-25,-0.007794599605435049,0.0001904500406577636,0.010368867188667918
2020-03-26,-0.0025386337852512098,-0.013309652115719994,-0.01750445044770521
2020-03-27,-0.018932514802020295,-0.00603097399105601,-0.03352458127042046
2020-03-30,-0.020518294573524054,-0.012592088478165508,-0.06526470731896628
2020-03-31,0.015545051386942177,-0.001992203821271077,0.013528444018771957
2020-04-01,0.02553283907035131,0.026623874946831494,-0.052158606347089354
2020-04-02,-0.0004960591104212764,-0.019780269000076678,0.004547354961466077
2020-04-03,0.019042633733823866,-0.023327039017724593,-0.007988607673274029
2020-04-06,0.007336227676545848,0.022926416152152296,0.02528435860023226
2020-04-07,-0.010753914322232272,-0.002536632454145149,-0.009327815967935194
2020-04-08,0.007331868386367679,-0.00939171087405044,-0.010277494404214771
2020-04-09,0.02889422562028976,0.01633047842950086,0.02717824484985676
2020-04-10,0.0001551433295026161,-0.008448343560554572,0.01301094628530719
2020-04-13,0.02938710948934875,0.028385550355059186,0.012340987721805918
2020-04-14,-0.045297410750290035,0.010827081249571657,0.017780591218140573
2020-04-15,0.015716469826277724,-0.006696151313981602,-0.05118839949568954
2020-04-16,0.0023696504223289505,0.03350880861932137,0.028074467693101735
2020-04-17,-0.004571650356148482,-0.008449821714090255,0.02289455543453256
2020-04-20,0.002454701836933415,0.011800513695483739,-0.03379950012504129
2020-04-21,-0.034371641132088904,0.005102361643568365,-0.007315923963713611
2020-04-22,-0.0031491250521837877,0.020330015261476264,-0.00017573962294992196
2020-04-23,0.007254211520381304,0.024313536716418227,-0.0035012437555602682
2020-04-24,0.02778098302826515,0.001080645713248396,0.012968469410395977
2020-04-27,-0.008492596349291004,-0.010644213187373408,0.052636361038800095
2020-04-28,-0.013658745985675957,0.007527774443007784,0.03983478033308496
2020-04-29,-0.008197839715834543,-0.009520124480131953,-0.043742137612004295
2020-04-30,0.01742735287378583,0.03128006142323159,0.02323834859520768
2020-05-01,0.006740133117564495,0.002651539094334021,0.04886923642216279
2020-05-04,-0.008697638447505263,-0.004867936275447238,0.014847442482400108
2020-05-05,0.010089371726179408,0.0033758901127889374,0.04017015971618898
2020-05-06,0.0025506432580306715,-0.01941592930374625,0.07425722105387611
2020-05-07,0.01840289385750493,-0.013877024523173853,0.03772397995158916
2020-05-08,-0.011767174533320324,0.0187803826813977,0.009975224998101995
2020-05-11,-0.005084946304865556,-0.009210733097581136,0.038500760451184
2020-05-12,-0.006238406589265333,-0.014990176477242878,0.0062907785115604575
2020-05-13,-0.02521979977595723,0.008687308827515894,0.002038681806633358
2020-05-14,0.006148992901626293,0.018555617357969734,-0.011038126095857415
2020-05-15,0.0055141421237978605,0.01144934740600756,0.05751251624309406
2020-05-18,0.000892440207557188,0.01566210019046599,-0.027071811085923048
2020-05-19,-0.0034167180897900495,-0.01069433097381045,0.05636405018185431
2020-05-20,-0.024374693306834838,-0.020513828878691465,0.018871094556121237
2020-05-21,-0.006748740083772797,0.023389343790894523,-0.04665241640206852
2020-05-22,-0.005354474719694746,-0.004231220637351263,0.01416714134065522
2020-05-25,-0.01354837413653509,-0.0031574998261182374,-0.06974908464508645
2020-05-26,-0.0021009327547740764,0.020734955184947834,0.023361483223945934
2020-05-27,0.00810558926959093,0.008983562282359303,0.032706578536193964
2020-05-28,0.035362230059098554,0.007466049577630418,-0.01934293593407066
2020-05-29,0.003950182114889289,0.03362809479501627,0.005539455717177955
2020-06-01,0.005450708383079705,-0.009011920472626556,0.0720744503401669
2020-06-02,-0.0005398806957334079,0.014623494117030456,-0.016365736689759047
2020-06-03,-0.03317510624489994,0.0014562561862003776,-0.03522635077658065
2020-06-04,0.00032280233137704784,0.004639614016669569,0.05449103483675666
2020-06-05,0.0018859198931380217,0.023805970158494283,0.07239080344686122
2020-06-08,0.04617259626971926,0.008251392971943217,0.0013302324900719142
2020-06-09,-0.002658956063548046,0.008712173173077264,0.03727927784046359
2020-06-10,0.006247285555101234,0.01682762598382337,0.04932978151026712
2020-06-11,0.00017520349164490412,-0.004862430864693179,-0.02448227424294047
2020-06-12,-0.020032826862629638,-0.01191657348844577,-0.01566176303214284
2020-06-15,0.0216008018797742,-0.014959121750547366,0.045275626400955504
2020-06-16,0.014438030454792194,-0.02848187035457095,0.06202291495224044
2020-06-17,0.015152223404939491,0.03194266355902964,0.02112078217654556
2020-06-18,-0.015448404235486102,-0.015821627493951884,-0.02915990245532507
2020-06-19,0.026392572254964053,-0.0027151117524744084,0.07330979326764098
2020-06-22,-0.024137241873594784,-0.003545897901413908,-0.017233751807613107
2020-06-23,0.011428236684294601,0.005224701866999526,-0.010474577836701915
2020-06-24,0.041048315629844456,0.012918794004590284,0.01326908745990818
2020-06-25,-0.016885468930495917,0.013598735332680967,0.057170093267923994
2020-06-26,-0.009349379348645659,-0.008113071517592663,0.03157747438748393
2020-06-29,0.0025970911852144507,-0.0019050088696387357,0.015844506350050303
2020-06-30,-0.008228520630759184,0.0048504246668577,0.01756762552054103
2020-07-01,-0.02674771214702054,-0.003125472402826568,0.002726724170909245
2020-07-02,0.002036203799636871,0.02501801048440755,0.02095134420534106
2020-07-03,-0.01815464910880471,0.007996426268735313,-0.08362957570637375
2020-07-06,0.009368273872983224,0.01169097826722898,-0.009139241984435054
2020-07-07,-0.015626259259012842,0.01059899460947622,0.009692942922342684
2020-07-08,0.029114598329973207,0.018368775928556236,-0.03833151022186021
2020-07-09,-0.013210524101853749,0.0033208251434755365,0.014830208387255128
2020-07-10,-0.004984642522299687,-0.018675882734781712,-0.005938788001812023
2020-07-13,0.015563174061345997,0.006617116287535252,0.06464525464277071
2020-07-14,-0.021129142379557764,-0.009128433952673598,0.0578681358674491
2020-07-15,0.004906275368967927,-0.007302456770414967,-0.014989713698742246
2020-07-16,0.024626923823387825,0.009439736173769031,-0.004071010781754758
2020-07-17,-0.027742603362031826,0.01935925248876824,-0.001387201741220645
2020-07-20,0.0041319224031128865,0.0009194961286485004,-0.014501901299885267
2020-07-21,0.005492921371180959,0.005246208599954949,0.008058168108415309
2020-07-22,0.014983962312919097,0.026477691002458226,-0.025021512578774385
2020-07-23,-0.02123637680009982,0.004220177667485725,-0.03764467588187359
2020-07-24,-0.022706457388898205,0.04042080000992598,0.023261313571050657
2020-07-27,0.010247093721686529,0.009124017063716128,0.023505536462751442
2020-07-28,0.006164647827435532,-0.02548117379647108,-0.0265911128226054
2020-07-29,0.005322988334271139,0.011971212502164041,0.03307257073619785
2020-07-30,0.00706087905293562,0.006337372478294467,-0.02068822116866864
2020-07-31,-0.011375251946953324,0.020146547821934924,0.010111563164043602
2020-08-03,0.0049929901874949945,0.010755145468754002,0.03036389961372654
2020-08-04,0.0060937966112739606,-0.0014757497685655707,2.3560512914633236e-05
2020-08-05,-0.011985915258329038,-0.017607615491154527,0.017263248775989393
2020-08-06,0.03498190264840906,-0.0025321375768514454,-0.01673345163133877
2020-08-07,0.00937264326103704,-0.012084199283906694,-0.005660250495838959
2020-08-10,-0.020431845343361066,-0.008075071768654518,-0.0059870856248241955
2020-08-11,0.012697907358180105,0.009473266063856789,-0.024622050055487232
2020-08-12,-0.01660486394317251,0.025980322346628615,-0.004974680793944253
2020-08-13,0.015080097189425823,0.006541374894548202,-0.05162154329612023
2020-08-14,0.021890885495969847,-0.01718880348099605,-0.015863213726089453
2020-08-17,-0.013875122440671905,0.0072955236259646394,-0.008732292384642126
2020-08-18,0.018306313612883374,0.018722582471825344,-0.0077362116164324535
2020-08-19,0.008264016701732269,-0.008510323982143464,-0.007226175336974006
2020-08-20,0.015719352231730266,-0.0014092635542801712,-0.000961284664690254
2020-08-21,0.0355599280184411,0.0008206594778075171,0.018143074688031113
2020-08-24,-0.0036104526733347075,-0.01111128327478117,0.032319381723076246
2020-08-25,-0.01268609535504961,0.010377685010250381,-0.021311415871253958
2020-08-26,-0.015096152900971105,-0.0012134853595772155,-0.040086430110686244
2020-08-27,-0.013788638848691748,0.00691679797005329,-0.034656762569888255
2020-08-28,-0.0005876580307958568,-0.012631921641827137,-0.0157271189565108
2020-08-31,0.006964878275441011,-0.005944137796560001,-0.011055677910433714
2020-09-01,0.005797173336051786,0.01150135818419562,-0.02542116198532396
2020-09-02,0.01581302172284671,-0.004980055480654499,-0.04320304975971523
2020-09-03,0.0010345688513315743,0.026858824750403576,-0.014655772149649082
2020-09-04,0.027330421010825168,-0.005380018367559414,0.007578504300142619
2020-09-07,-0.003955977421484791,0.003978162852691813,0.022270395155757905
2020-09-08,0.05102202194280592,0.01469579932846643,-0.01814320073677822
2020-09-09,0.012135051701773758,-0.020463213595563023,-0.013167464123010064
2020-09-10,-0.014522354460011155,-0.025481846986412315,-0.030751684921952127
2020-09-11,-0.01830642881951794,-0.022038371831485604,9.963400002011014e-05
2020-09-14,0.009529623912956975,0.019730892446026438,-0.02809284846521165
2020-09-15,-0.003217144002087169,-0.0076484726178813744,0.021487066040826175
2020-09-16,0.013745623089255643,0.039742399085277214,-0.059463975316608964
2020-09-17,0.009361827553892033,-0.007832875868056144,-0.011322451596303296
2020-09-18,-0.0005107899302075891,0.0033739485421671045,0.011807926468213381
2020-09-21,-0.014338497353107105,0.02401548573240353,0.007663422934519604
2020-09-22,-0.026120062161954616,0.03116722968545993,0.10016061000261112
2020-09-23,-0.0072111431698035355,0.03202465125547671,0.01353376425069075
2020-09-24,0.016347357772919402,0.01890191498440319,-0.03337234645272136
2020-09-25,0.004664532614420791,0.016088994047956717,-0.002138957810607023
2020-09-28,-0.02139119049521021,0.009533057090433505,-0.05914723829997637
2020-09-29,0.003924939143349571,0.012351068300223922,-0.0016196781287122208
2020-09-30,0.007765710763549372,-0.007638463269829754,-0.027569782642810847
2020-10-01,-0.014995859092244435,-0.011605118301149964,0.0337972354827305
2020-10-02,0.0035734214078682047,0.0005495340773919999,-0.017872271775424164
2020-10-05,0.0018494650867908469,-0.0019508639243099868,-0.002882644232070297
2020-10-06,-0.019579252587802132,-0.006179250159633054,-0.020824633644938695
2020-10-07,0.007266445904836383,0.011107041928178907,0.06402596872162047
2020-10-08,0.010953678493293761,0.015041580971018709,-0.009993229327866726
2020-10-09,0.02050226460364768,0.0019279594228349684,0.06752138266735663
2020-10-12,0.019965126429430935,0.02302400420562445,0.030140614312944347
2020-10-13,-0.023712385138974557,-0.01638954237993162,0.018236628337516603
2020-10-14,-0.015952244129155413,-0.002302237665509743,0.014205614400909727
2020-10-15,0.010121514305332813,-0.010100973816285719,0.015095711850380722
2020-10-16,0.010098799257892699,-0.027026127092755092,-0.06412049079908333
2020-10-19,0.010121740111712407,-0.000640005396761012,-0.008524378477212102
2020-10-20,0.07266817583432328,-0.001225461134241601,0.03125914756291537
2020-10-21,0.011137595497253239,0.023575352873822508,-0.0005112706781751353
2020-10-22,0.021467359763528426,0.010112969176673037,-0.04684871764635279
2020-10-23,0.018134500544089383,-0.014654366459863288,-0.0006339547359387465
2020-10-26,0.01260380937781802,0.028818841609348445,0.06273278870351451
2020-10-27,-0.004862983624034922,0.019095536943227298,0.045861774377275344
2020-10-28,0.014566518568224884,0.009375139418059009,-0.0009696698938244097
2020-10-29,-0.013025281003172351,-0.0027933527922384682,0.035102778511754806
2020-10-30,-0.003456746568772373,-0.013696920301712212,-0.011560404738324204
2020-11-02,-0.007905132650442792,-0.004970706587234419,-0.05676092786639697
2020-11-03,0.002276321403527959,0.017075374930102916,-0.030675953405188472
2020-11-04,0.04337834194732926,0.029289537258451626,0.05749309979217365
2020-11-05,-0.03227833912019107,0.024032897866569813,-0.008354662062524443
2020-11-06,0.01323956043817165,-0.006710127204048955,-0.00729172471076367
2020-11-09,-0.02783417350357109,-0.0160638394253807,-0.00925127802509218
2020-11-10,-0.007665244602105714,0.0027169780164830737,0.07019917994884928
2020-11-11,0.020610635827708945,-0.02559338229796848,0.05983004677454984
2020-11-12,0.001958956597029493,0.005462380406118017,0.08204991137273998
2020-11-13,-0.01842750445626895,-0.0016127369343766906,-0.004357062704397396
2020-11-16,-0.012002850901908113,-0.006370171407131142,0.011613779393314427
2020-11-17,0.013118056037713544,-0.023050723614273072,-0.05055957023593205
2020-11-18,-0.012270692829933205,0.00833857545400929,0.05431651606925314
2020-11-19,0.004707299298952972,-0.007363269910500847,-0.03889564345980201
2020-11-20,0.0016216065024230453,-0.01680593045312695,0.008825865018450507
2020-11-23,-0.010869303814628584,-0.0415941360866775,-0.03652196498617166
2020-11-24,0.040177106751238645,0.000187293961564583,-0.019223171259346472
2020-11-25,0.01228539542969087,0.02755662355239319,-0.02771293628786542
2020-11-26,-0.03502449999358648,0.025847282514783076,-0.019875460357354102
2020-11-27,0.004164826550193679,-0.006236913056306914,-0.017514107981201232
2020-11-30,-0.011050644410599442,-0.008397721384198698,-0.01782856436249436
2020-12-01,0.016274815244298413,0.007660808827065546,0.030832457430410853
2020-12-02,-0.013375120701937027,-0.014272943422485862,-0.03677687649752004
2020-12-03,-0.001264455847578172,0.005140043427572127,0.008958842290625935
2020-12-04,0.009938836422211494,0.012164598294442719,0.04480322926307734
2020-12-07,0.016518540528126957,0.019185723678922573,-0.01662217419435874
2020-12-08,-0.020590397536381477,-0.0009019041869069433,-0.023643176149363954
2020-12-09,-0.00520741639760447,-0.00245209494416343,-0.00684482859304647
2020-12-10,-0.00771906938067235,-0.012491069596676785,0.04340602115163539
2020-12-11,-0.010900085013126115,-0.011733820737879874,0.008025802543902172
2020-12-14,0.033114655094195644,-0.0027932749061838624,-0.01724212384740087
2020-12-15,0.0081224805979212,0.006129189684749514,0.018301132957237565
2020-12-16,-0.02165793577557318,0.014406557805445974,-0.036690208993814366
2020-12-17,0.017472402429109524,-0.011382408844299752,0.025363909116648653
2020-12-18,0.039769247931738194,0.023256643107929964,0.01562202344473329
2020-12-21,0.01957347154615241,-0.003460851415971522,-0.009527618366637292
2020-12-22,-0.026199341860588143,0.0002795296459059404,-0.027757969499976998
2020-12-23,-0.007884962611767521,-0.010552106932579686,-0.02939319633114812
2020-12-24,0.02388518948241458,-0.035131642361868276,0.02011830592584274
2020-12-25,-0.01186707457602143,0.013957185541204176,0.045206336986117535
2020-12-28,0.008827484159982246,0.011720815159258269,-0.02088460306528528
2020-12-29,0.014852633174053054,-0.0036133693690222346,0.017393062594615927
2020-12-30,-0.015759251247188355,0.0016061492365837537,-0.06932574081489096
2020-12-31,-0.000271419568155018,0.008373955314522119,-0.019077300888519888
2021-01-01,-0.05591852860919977,-0.02257937049172687,0.00011294372718095858
2021-01-04,-0.01748432143985723,-0.007308948925549008,-0.030174305083529696
2021-01-05,-0.0037392183720968974,0.012592597557185448,-0.03108435361765216
2021-01-06,-0.02142720191121128,-0.018049462801161154,-0.021928286038289335
2021-01-07,0.03064354022318705,0.005015906734699094,0.011492280125675824
2021-01-08,-0.024634049738991415,-0.019554998353458863,-0.005342195095124236
2021-01-11,-0.0070955079294879875,0.007625375959946057,-0.07423799662727781
2021-01-12,0.003158307367402635,6.537990271038296e-05,-0.07042194988156592
2021-01-13,0.027103720176873347,-0.023350045519141882,-0.01984080950133671
2021-01-14,-0.02473448182128246,0.018235360491271946,0.01736813258607217
2021-01-15,0.021974916091770602,-0.01036478519778905,-0.09059311754759636
2021-01-18,0.0009846795772761041,-0.011487297875027336,-0.01615858266759307
2021-01-19,-0.016725701673601878,0.0036150565700905357,-0.017071280784170972
2021-01-20,0.009159556870080854,0.01798945572574384,0.05105226788958728
2021-01-21,0.004392694240963557,-0.014530722380445726,-0.012200723597153629
2021-01-22,-0.009954031188798118,0.001526361453356273,0.014711782930241446
2021-01-25,0.002058553447646272,0.007057031819861059,0.006162912984616131
2021-01-26,-0.006116860113543288,0.0110572687773427,-0.07074289770440023
2021-01-27,0.0028473582605124115,0.003251899318851059,0.02848541851503117
2021-01-28,0.012799574354283472,-0.004893405674575968,0.00877717315445814
2021-01-29,0.029783208280624418,-0.011744343739275354,0.01917084778359235
2021-02-01,-0.021251612295268618,0.0018939495067138434,0.14868558569287327
2021-02-02,0.039972843448715656,-0.015362853808819188,-0.06923081392966601
2021-02-03,-0.033754735880050846,-0.042299573629811626,0.06349896530378851
2021-02-04,-0.0019302663457371194,0.007174007841615371,-0.00882152319042051
2021-02-05,0.011454819419174811,0.014259736351649455,0.01132010456888155
2021-02-08,0.00587504439436537,-0.0342439245416859,-0.00039285139921685364
2021-02-09,-0.010354609424054861,-0.014440679177362026,-0.013555556290018367
2021-02-10,-0.0029418647167993583,0.009936354897909894,-0.01856957334315512
2021-02-11,-0.008041509497090926,0.03196260614335378,0.012814213063726099
2021-02-12,-0.009760618537290044,0.0009123215274713381,-0.05057722031546785
2021-02-15,0.01622302488234295,-0.010266975177961934,0.027851057528393897
2021-02-16,0.007252451305055141,-0.0021411510752898932,-0.013277865161902658
2021-02-17,-0.011604514849672842,0.0214499589741739,-0.037626285234102275
2021-02-18,0.017137996624656093,-0.00904827839638278,-0.014445103795794334
2021-02-19,0.006351477001766748,-0.01132328363130386,0.04623731928478847
2021-02-22,0.015551198840973557,-0.0066191491142213454,-0.017383854568249646
2021-02-23,0.012207226482733313,-0.013606512183292008,0.013840785569833258
2021-02-24,-0.014022663755182907,0.0024430340962602326,-0.024088594409821362
2021-02-25,-0.009240302305230985,0.025284542881482963,0.028115242909467986
2021-02-26,0.01435331858029354,0.0054610465444902,0.025512790451469813
2021-03-01,0.011856401228489855,-0.0031802348379252887,0.06812129818173607
2021-03-02,0.0004238611123912328,-0.00377004450378593,-0.004932533000352235
2021-03-03,0.0029161365777330417,-0.022588826284051566,0.024908067338544226
2021-03-04,0.024083399499085,0.01394295547368607,0.004643109868134987
2021-03-05,-0.00979994944457585,-0.0005673969246419164,0.0476562353298684
2021-03-08,0.010704641915799895,-0.0021049801192770667,-0.023674392111624365
2021-03-09,-0.002835440268140199,0.049691817051518816,0.027650558852483575
2021-03-10,-0.0031134049297005806,0.005094225291859544,-0.005598674044724805
2021-03-11,0.020791169839902368,-0.010620070332362563,-0.0010460387184733078
2021-03-12,0.0157807151152094,-0.005778603215270128,0.0044210812257119425
2021-03-15,0.01556303547288973,0.017986529413918317,0.010078866931027441
2021-03-16,0.024596235632471153,0.002301701014177926,-0.0028639076789228612
2021-03-17,0.001178763345426992,-0.02075574155953186,0.008753047245627643
2021-03-18,0.013161007077525877,0.014492445792177122,0.05805692042723121
2021-03-19,-0.004773372691066702,-0.009377911805752093,0.03633529883258779
2021-03-22,0.0066570546828534916,0.02911526453055724,0.03212564712393329
2021-03-23,-0.0015413858213694231,0.01694264680318791,-0.014635724574705078
2021-03-24,0.0025491709950491437,-0.006091201388456091,-0.02948015560989692
2021-03-25,0.011579354106349582,0.020012870573645092,0.03524231443065107
2021-03-26,-0.01383142683928329,0.0016191420551987523,0.03237465373095172
2021-03-29,0.03921224661609912,0.013481674278525313,0.05415919082332543
2021-03-30,-0.017159384490711527,0.007902049950464285,-0.019741848304372756
2021-03-31,-0.020835277792242368,-0.012022495111414733,-0.006810902882034453
2021-04-01,0.021881969844341542,-0.009012390229662715,-0.05463288522885812
2021-04-02,0.015163748944853062,0.016178895865165188,-0.01245823429075188
2021-04-05,0.01210685851303861,-0.004411868967581389,0.036738748965904566
2021-04-06,0.012183844778141495,-0.005439876938773236,-0.015013494863551635
2021-04-07,0.0005797260649935687,-0.013633055247176284,0.023897877696472447
2021-04-08,-0.015233359116297751,0.006978221088724368,-0.0054526885423522575
2021-04-09,0.0021668262297622753,0.03204046213780187,0.012620976665821848
2021-04-12,-0.01132430266724993,-0.01529482143473948,-0.03821966717100067
2021-04-13,0.018521590918203712,0.000963755964699553,0.004191088887955496
2021-04-14,-0.0018453281515492526,0.022022296757030935,-0.09831474313005417
2021-04-15,-0.013960584022666644,-0.0005944441167323733,-0.005327125807255917
2021-04-16,-0.004972540930690772,0.007412917584497469,-0.0543346862869174
2021-04-19,0.008266748588825479,-0.015218906806898524,0.04436579670687135
2021-04-20,-0.009303494140547097,0.0070493368793056455,0.028816649046205844
2021-04-21,-0.013902423314443246,-0.002204729979733422,0.017688098223868076
2021-04-22,0.005199842303788227,0.015504923051230524,0.05594406797713125
2021-04-23,0.005222990787855819,0.018581314265171622,-0.03150511569431802
2021-04-26,-0.00829042049531259,0.04023167693715157,0.0643430048279392
2021-04-27,-0.007649283679098895,0.009337825574224912,0.03440533366316556
2021-04-28,0.0049893042051214476,0.005502025600053084,-0.0070544348828118775
2021-04-29,-0.0249490160756366,0.0035219520729499187,0.041796581674835576
2021-04-30,-0.024235827145264066,-0.004686478421282114,-0.03682510885849899
2021-05-03,-0.01205870002745435,0.005693403820006049,-0.027279015275645024
2021-05-04,-0.003037426388890818,-0.003823692152722713,-0.01989996923111892
2021-05-05,0.0064168364245418275,0.003131808541243286,-0.017165190029781452
2021-05-06,0.027734034140036945,0.020572723182655128,-0.03514699676156974
2021-05-07,0.016370423956448388,-0.01439354654240621,0.04499061796059878
2021-05-10,-0.002076734136816083,0.017855719199200593,-0.007829095736936464
2021-05-11,0.00045781302215930353,0.0205653373000676,0.013629723108095515
2021-05-12,-0.01709767559004649,-0.0011703425192505224,-0.018587381566558703
2021-05-13,0.0004668725031944376,-0.030745271070082736,-0.06060677317166263
2021-05-14,-0.004386207869479297,-0.008481160115475284,0.010708942152441336
2021-05-17,0.00663082128140613,0.020257369184868423,-0.06361533883143344
2021-05-18,-0.013991355310082332,0.00025701208746520265,-0.0012014692701480811
2021-05-19,0.010199905247816554,-0.014286498945835557,-0.04561776900717518
2021-05-20,0.028796117247020803,-0.006947378425062767,0.07331786572921306
2021-05-21,-0.0011570128161569881,0.013296928616796544,0.033651517179069224
2021-05-24,0.008063144457099325,0.008839846222482128,0.004913414119501969
2021-05-25,0.013310396895039434,-0.002979533839785664,0.04647746994937463
2021-05-26,-0.0064013917256250386,-0.004890369192696142,-0.02802098009186882
2021-05-27,0.0048453656749818386,-0.005262476633870694,0.02042762358957706
2021-05-28,0.001027190413153134,-0.01314894010817913,0.00822702265651043
2021-05-31,0.002561444682169789,0.025141483084179628,0.01049539716796688
2021-06-01,-0.013028559972237508,-0.004225852887004944,0.04679422254866483
2021-06-02,0.0012419537232304378,0.019036301066241768,0.027200585138209776
2021-06-03,0.009811792311031242,0.023696136394835143,0.011369474927078516
2021-06-04,0.027286217527701107,0.015696580660746307,-0.055142409065300435
2021-06-07,0.01823106818279352,-0.005857084697965309,-0.03188231175947065
2021-06-08,0.04035009283746138,0.006678151426135814,-0.003090028679564427
2021-06-09,-0.01292796273901542,0.00023709400647820011,0.004478029642322134
2021-06-10,0.01663867772020078,-0.012871966310036176,-0.03763081174550542
2021-06-11,0.004108573243256863,0.00548035171170258,0.08937995269466281
2021-06-14,0.04103608498026112,-0.016940465783139014,0.055773624889720486
2021-06-15,-0.01365527828416313,0.018585796087259965,0.022524062038309145
2021-06-16,-0.014213020802434695,-0.006349018722079824,0.0037282227418364844
2021-06-17,-0.009939342588678679,0.0036239455072037963,-0.006207964413087241
2021-06-18,-0.036738274827451844,0.004861095045145314,-0.03160686804522139
2021-06-21,-0.008626169635035374,-0.003278189570133705,0.003919479295186434
2021-06-22,-0.012781995358184695,0.00944472962285059,0.01027375522560603
2021-06-23,0.0035132451858848057,-0.006502322660273396,-0.041381046263424315
2021-06-24,0.006975826074519631,0.013763313680744904,0.012979688882032825
2021-06-25,0.03517560097694328,-0.019399063956739626,-0.004225115685950853
2021-06-28,0.018068932089982725,0.0024988105290510987,-0.06346957021168664
2021-06-29,-0.009538483107690898,0.030128894790971028,-0.028499480453941017
2021-06-30,-0.015253926144286334,-0.014301714681164146,-0.013188453723947391
2021-07-01,0.009701300553988546,-0.00952056426457959,0.06958323008838807
2021-07-02,-0.022702527381535775,0.008343230103174726,0.020894658834486934
2021-07-05,0.034342808891209664,0.003299157007290887,-0.04452038978618844
2021-07-06,0.022274372683418697,0.005876651653078824,0.018378106538274208
2021-07-07,-0.007616011821463542,0.007969394866091939,-0.05157791608003015
2021-07-08,-0.02958981091277557,0.010172210766801859,0.039868421006351795
2021-07-09,0.02548913406946518,0.017395059744287344,-0.015173073921370794
2021-07-12,-0.0012609215840377885,0.006770094028985207,-0.002075110580733064
2021-07-13,0.02334911395550554,-0.0030143126288476596,0.04875409418609333
2021-07-14,-0.027514095671467786,0.0107459327292585,-0.04290318246722613
2021-07-15,-0.009939028536611882,0.029525718814330526,-0.046579406592670125
2021-07-16,0.0008947866778854507,-0.0013885412789756968,-0.01904233610867856
2021-07-19,0.0016470055139465867,-0.013920145744443002,0.03825691088177896
2021-07-20,-0.007274589632322304,0.017355089529444312,-0.050649405278534454
2021-07-21,0.012083724115098171,-0.0012049908740561222,-0.09328349936397196
2021-07-22,-0.018248608078643147,-0.031483774636976825,-0.014484633624157306
2021-07-23,-0.0017612778569097154,0.013400315266340668,0.020722722636976387
2021-07-26,0.002969722285196985,-0.007402389146129229,0.044156269032990636
2021-07-27,0.010110669904326519,-0.0007577120257151737,-0.014898549490885538
2021-07-28,0.013702092683814726,0.005595300504937839,-0.013113194216956559
2021-07-29,-0.019255750866353893,0.003463479227802324,0.04246335781994892
2021-07-30,-0.02645775006262152,0.011305203486726256,-0.062220994446165356
2021-08-02,0.02408361933907277,-0.005914734236728281,-0.012321685765702806
2021-08-03,0.006804699689547,0.008331099028404454,0.007895845211617791
2021-08-04,-0.012592796397658534,-0.003287783527753274,0.01706665451177236
2021-08-05,0.029137152929589627,0.011750660105853905,-0.01650550080698132
2021-08-06,0.002886300785694962,0.009878990470838511,0.0024083307905446993
2021-08-09,0.022271742518129134,-0.013341779359731576,-0.08230616528270407
2021-08-10,0.002017364813180045,0.017033169666604175,-0.021601956624387797
2021-08-11,0.03862057509807615,-0.007411847451934572,0.01721937822458508
2021-08-12,0.03292660281999815,0.012802121379114295,-0.03263586337393665
2021-08-13,-0.003674586794044754,0.0061280095952847,0.00326978186794169
2021-08-16,0.01845653178806428,0.02857336042090841,0.016983138749296245
2021-08-17,0.012494175199404989,-0.0027482064831118036,-0.010731227134676224
2021-08-18,0.02576160714025222,-0.004629004920327917,0.007191970872188147
2021-08-19,-0.01643211760609531,0.0003087535662575913,-0.031973329373448656
2021-08-20,0.01323575355558182,-0.003939914831305402,-0.0060132424408047
2021-08-23,0.0200499949616586,0.012678831928363055,0.022813911709554713
2021-08-24,-0.030386083317165635,-0.0233673143815456,0.00671650888851838
2021-08-25,-0.02028998408033722,-0.015090220367902751,-0.01914299486982951
2021-08-26,-0.03526919894684333,-0.01529880959082952,0.009088627165842356
2021-08-27,-0.004041135566484777,0.014965491993256475,0.026557881034910746
2021-08-30,0.013810253167028774,0.02660701113183217,-0.06811694044579308
2021-08-31,0.028233649730690313,-0.0009662711371591914,0.042652130178862935
2021-09-01,0.002135984018189818,-0.001930460108191645,-0.010513261105358107
2021-09-02,0.0305731252996988,0.00165214573810335,0.01622232360438125
2021-09-03,-0.02375512375621469,0.018191663066520647,0.044046096610931285
2021-09-06,-0.029419452470655916,-0.013222106722843074,-0.04572995294957849
2021-09-07,-0.00019983860974359668,0.004184264432355755,-0.023353422618814235
2021-09-08,0.007743001266832028,0.015344500682464401,-0.00885972363902443
2021-09-09,0.0002115169008520823,0.008149439919550083,-0.025890319379341387
2021-09-10,-0.0357589442517624,0.003449660679853528,0.0638801888920022
2021-09-13,-0.0008038374606597065,0.015738253429898874,-0.028376624412020712
2021-09-14,-0.022425183085964195,-0.039161063923509154,-0.018078720499169032
2021-09-15,0.012937075014806565,0.010826314762809153,0.008388604916965914
2021-09-16,0.007426206945546188,-0.009168842694397328,-0.04005110797623357
2021-09-17,-0.015988638890838347,-0.026501985239941517,-0.012569164748530204
2021-09-20,-0.008414006936225848,0.008302313623475888,0.012386954758212942
2021-09-21,-0.018100033961081285,0.02143129918463038,-0.010395701415197967
2021-09-22,-0.00032816989139461406,-0.0014606599157951372,-0.00206640210690745
2021-09-23,0.01815540308656849,0.015004573310310576,-0.017177381187971852
2021-09-24,-0.016800342255525513,0.025093854608103205,-0.05048738304708178
2021-09-27,0.00992173452298939,0.020531649804269803,0.012533658487736687
2021-09-28,-0.008706513996685872,0.025519658418654112,0.06462503516301554
2021-09-29,-0.013381373603701396,0.011801001166861447,0.0018457583962885327
2021-09-30,-0.0011259121639147773,0.0017330045031662689,0.009125631077326002
2021-10-01,-0.017676270785639936,-0.023157147813847367,0.025771791355689633
2021-10-04,-0.009123810623716477,-0.0030861652931318817,-0.04230561682179035
2021-10-05,-0.020547759715039526,-0.011976404001365903,0.06267361735262167
2021-10-06,0.03682696313979861,0.03372020093868433,0.008315894419740122
2021-10-07,0.001435773672982199,-0.0020362112898218987,0.06004884947035638
2021-10-08,-0.011725770124017987,0.0024510710770115907,-0.02415952614110395
2021-10-11,0.00466247405776965,0.008911755981556801,0.06697993522155143
2021-10-12,-0.0012211586726177392,0.0012548233283913302,0.028735566000194446
2021-10-13,-0.0031724100309351577,0.02636739311109526,0.02076914106633465
2021-10-14,0.011925549631034205,-0.00870165991334193,0.009435088341380515
2021-10-15,0.01453982852712632,0.0035253111725179753,-0.007470458008072223
2021-10-18,-0.00871085934821425,-0.010481738456562417,0.04416613302100392
2021-10-19,-0.009519131806165593,-0.01901718525422902,0.006131315479446009
2021-10-20,-0.0041423273444037845,-0.008539862794538,-0.06541008512982815
2021-10-21,-0.0398200661266892,4.4449032102988895e-05,-0.03719225240053414
2021-10-22,-0.02612608955950113,-0.005822516432548719,-0.005290556773687061
2021-10-25,0.02572916156071714,-0.00973858454807397,0.012122857724983449
2021-10-26,0.030876507832730216,-0.020286171753879034,-0.0007802925248293624
2021-10-27,-0.0036758760775419397,-0.0006463745993067205,0.044840223592012896
2021-10-28,0.011240732891276473,-0.02173120540542206,-0.06488762078430632
2021-10-29,0.006423042614766894,0.012073138455925836,0.006244996964650973
2021-11-01,0.05783022696367768,0.001838283869964874,-0.06052049286445349
2021-11-02,0.02117338993817186,-0.021038802914498,0.02817967238123642
2021-11-03,-0.0015013884336407823,-0.00402999384754521,-0.0021038388276974906
2021-11-04,-0.016265984509365006,-0.01062549244842037,0.016013207948237573
2021-11-05,-0.027724456535856645,0.005402156967315497,-0.028618412275516203
2021-11-08,0.004472316535012899,0.020922629007203097,0.047054802167623366
2021-11-09,-0.012732559679547784,-0.02715215581369035,0.038378501473857796
2021-11-10,-0.024495559371262132,0.0023280970062542483,0.021859544770416184
2021-11-11,-0.010779789034340848,-0.0018003693208267224,-0.0033275550167065626
2021-11-12,-0.018494698707331447,0.010727229684290185,0.02172768677985104
2021-11-15,0.031659374834116294,0.0038051707726893813,-0.023266306541624315
2021-11-16,0.016809227229347412,-0.010622716153025458,0.03163451073399881
2021-11-17,0.0006567079946373511,-0.004177060746838213,0.06070293153706441
2021-11-18,0.027818910588083057,-0.011276328036789018,0.03942883959983545
2021-11-19,0.0021950351076549524,0.016881007804542936,-0.02404235150232925
2021-11-22,-0.014595552635024545,0.0009200977605572369,0.013945956188920583
2021-11-23,0.028618081951426344,0.02954592990272853,-0.043103414054869726
2021-11-24,0.010555703250744397,-0.0003098641893919396,0.02146069917238691
2021-11-25,-0.017711701556030524,-0.009976007702936052,0.017115947033283563
2021-11-26,-0.002622651031310763,-0.021863175018942083,-0.06222344429148119
2021-11-29,-0.014849766933939468,-0.026100433510896193,-0.038693934780184236
2021-11-30,-0.0238025377538168,-0.022895858174971084,-0.008672040428102767
2021-12-01,0.017624709919486392,0.004617527842456726,-0.00928670089934902
2021-12-02,0.03579526072949557,0.008264842131112005,-0.040297264257145304
2021-12-03,-0.024079563946247107,-0.02285269011411961,0.014924530484956122
2021-12-06,0.01099343481185544,0.014124394545295349,0.01005175924054913
2021-12-07,-0.010852251041858274,-0.006623880518848102,-0.00558377208853178
2021-12-08,-0.007936594502563232,0.0028058241567525677,-0.02493652009179892
2021-12-09,-0.009814609878805225,0.02509296847020548,0.03863229784274358
2021-12-10,-0.014643558626464381,0.014151791513097756,0.0609229628720378
2021-12-13,0.0016747902001930104,-0.0034220909725283244,-0.015601665081061866
2021-12-14,-0.014057361559276171,-0.012686719754670728,-0.020022671824986404
2021-12-15,0.005684317634467861,-0.031180763584276683,0.018562447783750713
2021-12-16,-0.00010428053249167402,-0.010135585010443204,-0.011267073974053465
2021-12-17,-0.0034949432621774745,-0.002563661774310333,-0.0036721431541111293
2021-12-20,-0.01541608257977889,-0.01410723993610652,0.027458071582962873
2021-12-21,-0.009536123972440191,-0.0013679180523933354,-0.06352032741538516
2021-12-22,0.014501178627642108,0.0017543152580519195,0.04847904070497977
2021-12-23,0.009864849352542837,-0.0027689989578111307,0.0037508351933126516
2021-12-24,-0.01665572809431981,-0.00910830449503408,-0.013115492486750813
2021-12-27,0.002591333212610847,0.0031347230802014625,-0.0019213472424597366
2021-12-28,0.014428062262702435,0.0072553028369235495,-0.00011496596518856261
2021-12-29,-0.02882567467606867,-0.015632509958707574,-0.05766274246579273
2021-12-30,0.01063665470951336,0.022002548783982778,0.05498108510920208
2021-12-31,-0.011065549045953471,-0.0008784359333222636,0.002649901929370646
2022-01-03,0.01113228384585807,0.0008831340776311869,0.01684538453108142
2022-01-04,-0.01285532013766455,0.011286432917844147,0.035106419257273425
2022-01-05,-0.031191078346283874,0.004106651246397419,-0.03395096579821466
2022-01-06,-0.02809358875224055,0.015008563606297987,0.017930369489432607
2022-01-07,0.0016669168037430904,0.00491892084256107,-0.008134175277406452
2022-01-10,0.005490020261344819,-0.008549801394980627,0.03131736186784351
2022-01-11,-0.015358535251813188,0.006040724912038442,-0.07063429179329905
2022-01-12,0.012370554338040352,-0.016419597513171236,-0.0022657298588819597
2022-01-13,-0.02868782229555189,0.002230880305395644,-0.01970205003845027
2022-01-14,-0.00038936055514915413,0.00010155529672317698,0.016463253361713504
2022-01-17,-0.020779362527245437,-0.002518575911400478,0.01780825580143275
2022-01-18,-0.010873501363370619,-0.0013271811866195637,-0.023291375495878563
2022-01-19,0.0016545433326080605,-0.02724958032150393,-0.02344683455386909
2022-01-20,-0.01458010625116557,-0.007601832416899379,-0.002669717847377351
2022-01-21,-0.006103298537879498,0.001994660210380861,-0.029731535212830007
2022-01-24,0.019093259402766183,0.0030023439136017682,0.031144581396163495
2022-01-25,-0.009538272980756046,-0.014705923073913163,-0.011653814096036608
2022-01-26,0.015968615087416982,0.019778674138922536,-0.095655211118861
2022-01-27,-0.019345157057058193,-0.012316150397760461,-0.011848024771225485
2022-01-28,0.010390081101759652,0.015257076747255294,-0.03453848079585786
2022-01-31,0.027109180242565145,0.007032528328848597,-0.05436124966299505
2022-02-01,-0.04274895887285124,-0.009052189636252761,-0.04123562443031481
2022-02-02,-0.01345280577558361,0.02760377863143959,0.005041964654241449
2022-02-03,0.011250110123801393,-0.017155688619104215,0.04885849899816708
2022-02-04,-0.0028507458338857816,0.01449130812629873,0.01223570779406491
2022-02-07,0.007508675500949247,0.01573118735159973,-0.019828398022282978
2022-02-08,-0.010021183305673698,-0.009414704662512818,0.017304667396748075
2022-02-09,0.0023613998977893846,0.021719486953179823,-0.014758175521948802
2022-02-10,-0.0020001871912340707,-0.003145739479597509,-0.022845998967742642
2022-02-11,0.02205987595949721,0.004942578883252446,-0.03844421160818867
2022-02-14,0.005394071076242346,0.00451498957094465,-0.05834282920900724
2022-02-15,0.0069005477315180475,-0.0014136310031078736,-0.012370182146434039
2022-02-16,-0.006591962448865174,0.012843907542975597,0.006754582130140685
2022-02-17,-0.007945180898723758,0.012580811669627101,-0.002179449992937288
2022-02-18,-0.006961701678150689,-0.025302370428139653,-0.013270009152086759
2022-02-21,0.007931426997515922,0.020369792890471583,-0.03139763962680564
2022-02-22,-0.006754803710240176,-0.024043613782957274,0.02274339191250707
2022-02-23,0.0060340795782998224,0.016218304861271182,-0.04390654764427926
2022-02-24,0.03889454919820956,0.017654609390640896,0.028766978604778393
2022-02-25,0.01661679297908014,-0.015640887177428286,-0.03331017557647964
2022-02-28,-0.00505560079315015,-0.00554677384625657,-0.024821973438913236
2022-03-01,0.022675109594175513,-0.015858478911882523,-0.048901343121311
2022-03-02,-0.006523982526448702,-0.002620376259157231,-0.01621615437504209
2022-03-03,-0.03524996437061689,-0.004012442816062833,0.03596766923346628
2022-03-04,-0.017195985510705114,0.012370801079144123,0.01943340034383012
2022-03-07,-0.03233976921730397,0.020461148186063927,0.03608042788847432
2022-03-08,-0.00551199561115201,0.02176881437078637,0.019665863788618676
2022-03-09,0.0011321712479459567,-0.007801926139605286,-0.03673665747207722
2022-03-10,0.03146061611355777,-0.002535109275439429,-0.010323961110961788
2022-03-11,0.006707085153876191,-0.02435020434224644,-0.025769128973034072
2022-03-14,-0.0031388729240078295,-0.011422315305378183,0.04892950141539232
2022-03-15,0.015853657066400295,0.015186941645997543,-0.039870975110723794
2022-03-16,-0.038249709755740935,0.02514466821517858,0.03301263262506615
2022-03-17,0.005053789577000201,-0.017755709345548487,0.03298573986017228
2022-03-18,0.0147837884427231,-0.008252721655389705,0.06741165835841745
2022-03-21,-0.02548420555558817,0.00020393443741695272,-0.01305309047995018
2022-03-22,0.021617926214904992,0.004813967470697511,0.026475690826173404
2022-03-23,0.006916746291352638,-0.011477675886366279,0.0844335905004463
2022-03-24,-0.006652952909424581,0.00698519915282203,-0.020210433751379542
2022-03-25,0.012264675362490873,-0.006486461697653878,-0.05117073658792892
2022-03-28,0.0425529569565295,0.00038328937343323766,-0.06255796387915225
2022-03-29,0.004081900947140449,0.008833046863608196,0.026489697618627517
2022-03-30,0.0052818707080979355,0.0006965765439996829,-0.06266098881125481
2022-03-31,-0.007440676274772184,-0.005928147139267703,-0.011761453798051935
2022-04-01,-0.014392620240612719,-0.0010436021270265883,0.016642937531997193
2022-04-04,0.015870666902685127,-0.0007251813169183441,0.0077107194504741905
2022-04-05,-0.01450330780252973,-0.004937933570844932,0.01622072059931501
2022-04-06,0.0020903740618298805,-0.003276561258714339,0.009020587423819837
2022-04-07,-0.007767509806212214,0.02488427887425093,0.04703284655693629
2022-04-08,0.00946616020175095,0.009054538274668289,-0.03162035498041782
2022-04-11,0.006829130786158544,-0.0038248712445845268,-0.022243707669173274
2022-04-12,0.019666608031741584,0.011115640778789793,-0.025512006301971257
2022-04-13,-0.008345278391019284,-0.004397594485760381,0.0307190994134261
2022-04-14,-0.00404952729654795,0.018363441422917015,0.03325493500402987
2022-04-15,-0.016677118036030447,0.006163549865727758,0.017138086558322607
2022-04-18,-0.007171440297006781,-0.0010090227539071295,0.04354365135907079
2022-04-19,0.007620296672586679,0.007342579390983817,-0.03924075832931728
2022-04-20,0.01453034903465511,-0.02270149589692405,0.06136184600145467
2022-04-21,-0.01567482668616449,-0.01616936144558334,0.05602657613291995
2022-04-22,0.016589000987557112,-0.017159937072043996,0.027313117331779546
2022-04-25,0.02552172332294056,0.0027479150376699124,0.06562657746422906
2022-04-26,0.008275885625236956,0.02694433199387558,-0.05519980931074875
2022-04-27,0.035187246271236594,0.03465651512588197,-0.017009363948740308
2022-04-28,-0.01304240656572353,0.010222664565832318,-0.024237069472869965
2022-04-29,-0.021372094365627148,0.008145663978574857,0.026804729776838565
2022-05-02,-0.03073474587113223,-0.026070018998312627,-0.0349302745355583
2022-05-03,0.028116818866871007,-0.007511751701331004,0.02809988861593604
2022-05-04,0.012658024919020905,-0.011154083017021588,0.05039760617624833
2022-05-05,-0.00020050397277948662,-0.008674868274048064,0.025860837416560534
2022-05-06,0.005856518010907363,-0.0019203111175301046,0.011193469102664944
2022-05-09,-0.01927070239293327,-0.0064603999651123845,-0.032824747671559296
2022-05-10,0.04584328955018613,-0.028670470653622715,-0.02803917984283333
2022-05-11,0.0031308722500584807,0.01188877008534961,0.04596160836518104
2022-05-12,0.0027729438190924327,-0.015371774784094239,0.028886567527642404
2022-05-13,0.013960347353373814,0.004197487839383118,-0.00016566945351415008
2022-05-16,0.009503035975375607,0.032219398640744856,-0.01333709624556123
2022-05-17,0.004841595265538956,-0.013104151948275078,-0.06732947500840258
2022-05-18,-0.013338779585965188,-0.03666524699880758,-0.03562960853386521
2022-05-19,0.009329683107488274,-0.0036832634111313434,0.07047199501827217
2022-05-20,0.035284678860463936,0.017261684836712643,-0.04267844897698947
2022-05-23,0.025333126067861977,0.030428991170733166,0.007862542459470712
2022-05-24,0.029916117164983547,-0.01768499585749006,0.03713337695418484
2022-05-25,-0.008366685006847674,0.008082980664349426,-0.041822554657705346
2022-05-26,-0.01686898482474153,-0.006359350047357548,0.007694316903554599
2022-05-27,-0.0014630931958108384,-0.000988736192497952,0.034612586218957686
2022-05-30,0.0018046748903886023,0.041086781972940356,0.0016388176630841578
2022-05-31,0.0207069212933646,-0.021705524842837276,0.10693408367914525
2022-06-01,-0.029228694681501133,0.004415816030782782,-0.05559575046427523
2022-06-02,0.028737071513694534,0.007644468465208387,0.03899666110493527
2022-06-03,-0.0020420543386605594,0.01703018277827484,-0.004836327930300199
2022-06-06,-0.0068602197746351345,0.0020718907075247817,0.02861908179793149
2022-06-07,-0.01726706439607617,0.005234409997516565,0.016785062724280042
2022-06-08,-0.028571315128315344,-0.005260841558257345,-0.02416373401032401
2022-06-09,0.015739654258656532,0.004647671194112357,0.009257461397857547
2022-06-10,0.0021219716112987896,-0.00453755816711543,-0.06183229014093117
2022-06-13,-0.022169851377626615,0.009972980331042658,0.022564474323492734
2022-06-14,-0.022259926605989744,-0.004931952824287378,0.011703502592359527
2022-06-15,-0.005230398170707251,0.006276118722853052,0.023832670860933325
2022-06-16,0.031322941642601076,0.00016107076522819952,0.03897447131576803
2022-06-17,-0.0038651553080641943,0.017644612722547803,0.014166095889673658
2022-06-20,-0.025914866552923854,-0.00017089125025393503,0.006403545280610157
2022-06-21,-0.0036168186510752154,-0.025660513229579407,-0.02920251111992611
2022-06-22,-0.004100593766273253,0.019720757349552365,-0.02344843754656223
2022-06-23,-0.04662214089579486,-0.012902030417841548,0.0436620307409894
2022-06-24,-0.000177291879257635,-0.009164245061514364,0.05281943235198017
2022-06-27,-0.003351193717282097,-0.008300280274804117,-0.007108479655792532
2022-06-28,0.013420978110890491,0.021443243075477847,0.002814048175047823
2022-06-29,0.034668628454626926,-0.03094616679333384,-0.03000222676831521
2022-06-30,0.021301884228689394,0.0488205299759108,0.04315157306159567
2022-07-01,-0.004031846623167246,0.016576746664622277,0.024791921767939318
2022-07-04,-0.018935886553723025,0.0039563896393401965,0.07158901785788396
2022-07-05,0.048248290714212105,-0.00022338505508645579,-0.02910922845312225
2022-07-06,0.0018676737462997028,0.004895253918842046,-0.011958202004470841
2022-07-07,0.0010512794617043575,0.008452357582045877,0.009343992334476026
2022-07-08,0.000365815326132779,0.010331236269148336,0.024113268039974933
2022-07-11,0.004375068482489697,0.008974094881697425,-0.006328259004536152
2022-07-12,-0.0017968711052566144,0.001945600448023832,-0.028927004734705553
2022-07-13,-0.009480688310892993,-0.002357293514158032,0.03256837199689233
2022-07-14,-0.009002691839910537,-0.0016677070833065466,0.026792368516276754
2022-07-15,0.00021046328040119633,-0.0023209266803156936,-0.030397992783045225
2022-07-18,-0.008941431386554899,0.017762460442505734,0.04984286232211077
2022-07-19,-0.011959138294716731,0.009548651060348634,0.04305817891434516
2022-07-20,0.002719435071948606,-0.042573027264953045,0.005917818917389628
2022-07-21,-0.003782418479510441,0.010493182974159465,0.003993879547933954
2022-07-22,0.028263928425493745,0.0035272490743130103,0.020805500473805694
2022-07-25,-0.04583384549486624,0.0003194196569094032,-0.0285442967615247
2022-07-26,0.020657597846033937,-0.005214135752346971,0.0022536374026320694
2022-07-27,0.02350144041938873,0.017615037385825483,-0.07145220504200922
2022-07-28,-0.03586217652713197,0.014923151614009589,0.03238942696728264
2022-07-29,-0.005353992710342204,-0.010932960991687057,-0.05204880752685115
2022-08-01,-0.005868647404726479,0.0067283184199271595,0.05529430909914801
2022-08-02,-0.02423666880604003,-0.01387765607602287,-0.010300783059568053
2022-08-03,-0.01311395325852116,-0.01989372808954326,-0.006189112417802511
2022-08-04,-0.019007402403451668,-0.008762145053429538,-0.02055646176316195
2022-08-05,0.03286951745457145,0.013627927153701647,-0.00884203780371351
2022-08-08,0.017798754115913917,0.015008387169346493,0.052163580585077085
2022-08-09,0.023970780671688008,0.008330790810692879,-0.08228950495903253
2022-08-10,0.01388561912322106,0.011542543752264267,0.0469632055325917
2022-08-11,-0.019333593595412757,0.008377571391517291,0.013116092979251315
2022-08-12,-0.008604135514729494,-0.00898164579274352,-0.04021478859677419
2022-08-15,0.00965505427956681,0.007103952369839739,-0.03578013413794756
2022-08-16,-0.020975195847935058,0.012685935236315782,0.06170250446289982
2022-08-17,0.01372733817173244,0.011985628772955392,-0.03138953110636378
2022-08-18,-0.0035196486314125197,0.0186046500252961,-0.038410147393608485
2022-08-19,-0.0059291274705705055,0.011287789417081973,0.04185836603563553
2022-08-22,0.013690142850865117,0.005888995468897873,0.013134865010485886
2022-08-23,0.008835544623016833,0.01679167516876956,-0.031132480459587275
2022-08-24,-0.005681191632009863,0.00020220155124239803,0.008820547922394173
2022-08-25,0.02190439093442098,-0.012548719640172012,-0.034106156753049954
2022-08-26,-0.018486135852582186,-0.0018443016408893342,0.04052849145809123
2022-08-29,0.011957770181569627,-0.01051783630163139,0.03909275738819562
2022-08-30,0.011541922504205493,-0.009482429643076773,0.02001794161363324
2022-08-31,-0.004760468786553451,-0.0015665517355717418,0.013954606238401501
2022-09-01,0.0066926910292861574,-0.011222847479118059,0.06485813569697418
2022-09-02,-0.021485862753881757,-0.004011355876121225,0.0011897286248532257
2022-09-05,0.017585318928166727,-0.027421240371543365,-0.039369649016092634
2022-09-06,-0.002525045152839467,0.003806632501822893,0.017075738690804698
2022-09-07,-0.008572062919687373,0.0006182731825530308,0.07703473225866198
2022-09-08,0.019877136944527862,-0.011588657647921163,-0.03373444632345868
2022-09-09,-0.011807919264010702,0.010543884103053625,-0.011385881430730826
2022-09-12,-0.024253347219871713,0.014771589368268945,0.015900703224701163
2022-09-13,-0.026852217640768172,-0.023239112027536146,-0.0006864340115050327
2022-09-14,0.011776988133944455,-0.010782321199532041,-0.03263618658406653
2022-09-15,-0.0220020727686695,-0.010877542239902782,0.04129488974360562
2022-09-16,0.032916438987652175,-0.013407849688028994,0.08589162668983685
2022-09-19,-0.03601035809573527,0.01312754205657729,0.008097207554849106
2022-09-20,0.031832362708996254,-0.002304732098750706,-0.029983687039199847
2022-09-21,0.004608902880837817,-0.003362058202350471,-0.05163290282618649
2022-09-22,-0.0009403935662324336,-0.029028279744983232,0.010281656039508258
2022-09-23,-0.008968088206423919,0.010182765530232452,0.040639790330697645
2022-09-26,0.008016410786020556,-0.01782804194578569,0.017990790194650108
2022-09-27,0.00012258286901878357,0.0015001135002610244,0.001116488377458813
2022-09-28,0.020874317218605443,0.004772003986819318,-0.019237067666924457
2022-09-29,0.0028601802086627437,0.0212321402762643,-0.03634865696782297
2022-09-30,0.0035115829174876545,-0.01885233521269447,0.030883597791060646
2022-10-03,-0.005728548750785323,-0.04370867810644019,0.03373866953433069
2022-10-04,-0.00022499591160163313,0.0033633867056526157,-0.05152565935427944
2022-10-05,0.0063605749274706636,0.027992290737907766,0.058491058510954375
2022-10-06,-0.029537998887329886,0.019369394371319126,0.021520795352718336
2022-10-07,-0.02319412102580476,0.0037519120956697183,0.05146645392021165
2022-10-10,0.014279748985143614,-0.0067516473008308875,-0.044742624048626944
2022-10-11,0.003883097649617362,0.012787913865634604,-0.04553456145961721
2022-10-12,-0.0025085483750100224,-0.013905604337198896,-0.004005880809177853
2022-10-13,0.0011324515347244102,0.007775439483615365,0.018975239314892978
2022-10-14,0.007081426250700629,0.00821561685776917,0.0661698305875782
2022-10-17,-0.008876047475843918,0.01664007778665577,0.026251416430230767
2022-10-18,-0.013122622699157094,0.04288916061118342,-0.007267309157792945
2022-10-19,0.00433458183263058,0.006507320713760478,-0.03412699891479898
2022-10-20,-0.016670198479668663,-0.007009770524439074,0.04524365408767261
2022-10-21,0.008181839392910728,0.00021640873011152806,-0.032040169419967235
2022-10-24,-0.029405496361458616,-0.02560268597553128,0.05992314355705308
2022-10-25,0.019512734082585803,-0.009772631396368747,-0.008715262723344996
2022-10-26,0.009350197189799792,-0.005523923288477617,0.05851858842756408
2022-10-27,0.005423187748582858,-0.007235026237080944,0.025276769485531814
2022-10-28,0.01866040705548455,0.0028894896314635155,-0.0035883884211860284
2022-10-31,0.03125709639966323,-0.011667697267822796,-0.016835544282730486
2022-11-01,0.01924143675929524,0.01756799332625958,-0.010674395648942347
2022-11-02,-0.031818526027120986,0.0006032878787483043,0.01632287012893907
2022-11-03,-0.02198706728642863,0.00046060122710467333,0.003908094129250195
2022-11-04,-0.010392356789602597,-0.004309109776535758,-0.019392890150987996
2022-11-07,0.0012704452364822316,0.0029321506269082143,-0.004586548873254381
2022-11-08,0.01016922100495865,0.013061033775197739,0.003958008347876518
2022-11-09,-0.012188499729519409,-0.012330304312042961,-0.0706832992933929
2022-11-10,0.004170474084191467,-0.009228897220870058,0.017385278950212246
2022-11-11,-0.012715360706228362,-0.003948076204567719,-0.03254874992307921
2022-11-14,-0.010155402556126902,-0.019397464250525687,-0.038409537977521224
2022-11-15,-0.024221729011877136,-0.011620818477763306,-0.05621515018922851
2022-11-16,-0.01569374778826471,-0.006521952245639895,-0.05972814438100493
2022-11-17,-0.023255643502724466,0.0138103313382536,-0.045187853044467485
2022-11-18,-0.016625956057224944,0.004548734160307877,-0.023339064277300703
2022-11-21,0.01996218424462981,0.0035099943239831344,0.07204074445497222
2022-11-22,-0.016157228737227136,0.013453159669086112,-0.017058614366799008
2022-11-23,0.0493625422270243,-0.0014595107027733922,0.007448859470271296
2022-11-24,0.009726722253641684,0.006477863937880857,0.015333214257952088
2022-11-25,0.004135578226085235,-0.0009478767747157502,0.005804060183240978
2022-11-28,-0.01454364451645429,0.004590941469400978,-0.0015093808625771254
2022-11-29,0.013495835455412886,-0.008108328586283409,-0.03982073898284788
2022-11-30,-0.009515915254611707,-0.03534259111323079,0.05335727087820352
2022-12-01,0.003000669687093227,-0.0014131879409586823,0.06657425615228907
2022-12-02,0.04799783671013991,0.022183700833510844,-0.05606035880629334
2022-12-05,-0.0009286467355276162,0.01459876714321462,-0.03404786982429031
2022-12-06,0.021719426030273326,0.015195253799653807,-0.008556544585329728
2022-12-07,-0.011787156361949935,0.019326342757411075,-0.0320344903061075
2022-12-08,0.0001702216571171089,0.001931727250189974,0.019088697752920547
2022-12-09,0.03321408178735519,0.0035660789945837212,-0.023996910481932643
2022-12-12,-0.010430626791364306,-0.008627347427351717,0.08001719507295402
2022-12-13,0.03398893414748305,-0.004132530338898377,0.0438013575409113
2022-12-14,0.01363160941973307,0.00988510529287523,0.0086775243904198
2022-12-15,-0.009281064533232408,0.018833419668253804,0.0378429982572237
2022-12-16,0.012257858504687746,-0.0014905821125199559,0.04071347839157613
2022-12-19,0.01847456165929895,-0.00613394902119202,-0.018367387267314128
2022-12-20,0.012064778629259143,0.0006081042032872741,-0.02699650377395868
2022-12-21,-0.027090337067644743,0.009664503818546333,0.0039427595099101875
2022-12-22,-0.012213274252914519,-0.020837654429549213,0.03185408272838597
2022-12-23,-0.0036486628340181015,-0.03327645552741054,0.006085556166868233
2022-12-26,-0.0005396560570620768,-0.007628804565454117,-0.05256303967425424
2022-12-27,0.012044050172002718,-0.01755477397799643,-0.02654030339782054
2022-12-28,0.00400662315609579,-0.006997505608417942,-0.0013880859420696279
2022-12-29,-0.02296831685881129,-0.0016153986190737823,-0.0014472478766648367
2022-12-30,0.007672847903302582,-0.006179553667908122,0.07276451579829502
2023-01-02,0.011860325860087562,0.02263948268687943,-0.046207921148252784
2023-01-03,0.010935589244583044,0.005516330697891592,0.01907527551915522
2023-01-04,0.020460558225182668,0.005120178937526809,0.05476601836642514
2023-01-05,0.01593624761986323,0.009982604220367897,0.08404643746505869
2023-01-06,0.009106455170546202,-0.016347403659135562,-0.012870369037353169
2023-01-09,-0.0004628756462544681,0.016318390775206693,0.018570354462262184
2023-01-10,-0.028678046652159672,-0.000536320426788861,0.021366679687638612
2023-01-11,0.008569638857518935,0.010714199585897699,0.008074283219796863
2023-01-12,0.0045486924051425515,-0.01535869204977336,-0.0022570311095801987
2023-01-13,0.005704628846698201,-0.022450531742677637,0.016595336461723953
2023-01-16,-0.02193727436684234,0.012951498319828003,-0.08371571988204118
2023-01-17,-0.018486015941566403,0.006265690720290262,0.025389388994963458
2023-01-18,0.01995320761841901,-0.012847530052313871,0.005632027194943712
2023-01-19,8.801110333012119e-05,-0.012367828117627044,-0.006564977143474815
2023-01-20,0.013152759037651895,0.01763521787557032,0.0755586240101378
2023-01-23,0.0013105888422670908,-0.017093399788079333,-0.02217317057959811
2023-01-24,0.0013365028358640618,0.02556132239403075,-0.01282471304446664
2023-01-25,0.017846487381944165,-0.012826343266799878,0.07347855945675574
2023-01-26,-0.008452876936124176,0.010227829203515393,-0.02753592560666429
2023-01-27,0.0025333775764464495,-0.004319919325030175,-0.017892037183779297
2023-01-30,-0.007492743583553452,0.009694501631117403,-0.003938115026365319
2023-01-31,-0.006996342929985189,-0.007533192228802332,0.03109949819754476
2023-02-01,-0.004753763153287127,-0.0018401983460640814,0.008509085965600294
2023-02-02,0.00480993868431856,0.001214524569274289,-0.04308612576173598
2023-02-03,-0.007786998200183692,-0.014329158078884463,-0.017274946820889814
2023-02-06,0.0236796237785335,0.01178122349903421,-0.019857593542277785
2023-02-07,-0.015186436579269214,-0.007073070751569932,-0.0015016080395598985
2023-02-08,-0.0025604061492462415,-0.0028250008840484675,0.01623490490956847
2023-02-09,-0.007089906232885523,-0.014213264745125964,0.015963274600359068
2023-02-10,0.027209191390572318,-0.037128203068575116,-0.05913951360399983
2023-02-13,0.004347408658604168,-0.0022628523198129358,0.03918622881068701
2023-02-14,0.019562079936310095,0.03747433070158657,0.010090478596700425
2023-02-15,-0.02560653302624294,0.01244587757050053,0.050912276450495675
2023-02-16,0.005622652895243885,0.000311142698835587,0.016887957575643986
2023-02-17,0.016955494261984283,-0.003337779625449566,0.04054675765486104
2023-02-20,0.0022837155219075367,0.0009374275029405688,0.017683621965118856
2023-02-21,0.020179555646276492,0.008845680566599512,0.04950424123594854
2023-02-22,-0.008475074447044983,-0.016966610259887882,0.0196697213478203
2023-02-23,0.026513648893061736,0.01746559594106878,-0.0022245556259878896
2023-02-24,0.04308239003935155,0.011395155474249297,0.08408380966254692
2023-02-27,-0.005714702696676177,0.011437701873489914,0.032844141503097335
2023-02-28,-0.007193050667039569,0.007202953451281635,0.02150911126863031
2023-03-01,0.02732765461845954,0.0008946498260336,-0.04253934923525027
2023-03-02,0.029663756168457622,0.01075029210755929,-0.042941505493912624
2023-03-03,-0.008574507896358052,0.009522262986586094,0.01151078694568608
2023-03-06,-0.006740542645935377,-0.004699533138496914,0.006313085974800403
2023-03-07,-0.004263010423441793,-0.007972079664111176,-0.020089746698941813
2023-03-08,-0.023128449722684907,0.0021301098964556786,0.00615324841704612
2023-03-09,-0.015612575207842538,0.024121633494240458,0.05844615641523365
2023-03-10,-0.01712618449249681,-0.01782581262113747,0.025868003188606492
2023-03-13,-0.012935958029509864,-0.021185250912203135,-0.037994679668256426
2023-03-14,0.0001756874582721224,0.003076134239061945,-0.00269915965041978
2023-03-15,0.005028465696115925,0.001364245264914965,-0.026613282192865073
2023-03-16,0.02912508462927499,0.0032052508317994555,-0.01229330930370609
2023-03-17,-0.017023801973885755,0.0042683816703721345,-0.01318880367417985
2023-03-20,0.01869032092772538,-0.0027442614309270974,-0.015397817861195429
2023-03-21,-0.0030471471904248704,0.02321328152561386,-0.04182968791632069
2023-03-22,-9.034269259700078e-05,-0.02314158902413399,-0.0032625800343962785
2023-03-23,0.013030922897121933,-0.011757785962535627,-0.018252632819884318
2023-03-24,-0.019221854518754466,-0.0009483714135399834,-0.0963658520955295
2023-03-27,0.0077129683028172025,-0.02376098698669249,0.07578865037046478
2023-03-28,0.003803354212477572,-0.0020357411290069516,0.04008967760023263
2023-03-29,0.009710971181136063,0.025850528575342313,-0.011899163663066092
2023-03-30,0.006023101961524668,0.0009137145074351594,0.001860395132616599
2023-03-31,0.0460230508259285,0.004068768640542508,-0.039025977539527745
2023-04-03,-0.010622498233197386,-0.018135998416453192,0.06242103677298272
2023-04-04,-0.008719706101429026,-0.008608156932937705,0.06994270928607627
2023-04-05,-0.0103624653156289,-0.005015326743862403,0.0067066701499123305
2023-04-06,-0.009156410556781958,-0.0041570618485402555,0.03771748219343718
2023-04-07,-0.010616214256236045,0.02002247046896155,0.007362004543523426
2023-04-10,0.022450602812413845,0.009005675176219752,-0.044561986108031526
2023-04-11,0.026719816672742702,-0.015943405997967286,-0.013126898687938815
2023-04-12,-0.009428701683761864,0.004306819480591972,0.005834433228354197
2023-04-13,-0.014082303838022447,0.008106003404281026,-0.014601518779832956
2023-04-14,0.009328723827394914,0.017859848811986767,-0.006432089688895193
2023-04-17,-0.00909837183083051,0.024605960910179414,-0.0019969878739158897
2023-04-18,0.012267407599813707,-0.01451996650871279,-0.0016294184791988409
2023-04-19,0.004462541991858249,-0.011496269687239158,0.003033639366274876
2023-04-20,-0.02613578437769648,-0.018097897825286036,-0.03528366799071159
2023-04-21,0.029069600592170675,-0.0029060670750128414,-0.023612326734089528
2023-04-24,0.03368056613004011,0.0076242936501520475,-0.0428167760767203
2023-04-25,-0.01017804595726135,0.015529364328590534,0.03605843246397944
2023-04-26,-0.006159579607710075,-0.000539119977210234,-0.06993206113907335
2023-04-27,0.005963287057550781,-0.004188914767153773,0.04245203289015298
2023-04-28,0.006843532899869498,0.0028805106047149476,0.050979124204192594
2023-05-01,0.01273419495182182,-0.011856297093041479,-0.009332499916614223
2023-05-02,0.037676087588007556,0.032458736933518084,-0.08598637265742715
2023-05-03,-0.002382208122779672,-0.02324059420366087,-0.011380614905742603
2023-05-04,-0.013477701772311335,0.0033767972607883223,-0.0010458983117994647
2023-05-05,-0.02374137799139109,0.03143815286589535,-0.03359370474931844
2023-05-08,-0.012280709685820401,0.0007022441264308288,-0.016691766388783003
2023-05-09,0.00020373523947703198,-0.00224805485627122,0.056283728999732
2023-05-10,0.03365600971452243,-0.004750362510237638,0.024774358882145187
2023-05-11,-0.00848083646010922,-0.0021036594268735165,-0.030679282464103008
2023-05-12,0.004839857586910412,0.021418887789795393,-0.05324598457442098
2023-05-15,0.0005045150956419775,-0.0320529839314192,-0.010193298686855368
2023-05-16,0.022439132373702098,0.023882225169204796,-0.006251365673583531
2023-05-17,0.04737264310978384,-0.020545365167014218,0.018740409517137957
2023-05-18,-0.008717418940104804,-0.003394012213562947,-0.01738322264200276
2023-05-19,-0.007977916116107542,-0.005821654417386135,0.01928610494149119
2023-05-22,0.01978813586707484,0.009472885472571857,0.07136163057178169
2023-05-23,0.013159885843218477,-0.023100858650777822,0.03018926293676749
2023-05-24,0.03462674814508149,0.00756103131464414,-0.00048298108364475123
2023-05-25,0.011374915236665561,0.031449035690030325,-0.005196716591502781
2023-05-26,-0.005651229023338256,-0.019651942902943698,-0.01122013909741637
2023-05-29,0.011497379537451113,0.003451535391660432,0.04343946247821484
2023-05-30,0.020973582240368938,-0.009286345745429747,-0.02054204806348625
2023-05-31,0.01569050253662052,0.007012783298103287,0.002786670382626699
2023-06-01,0.009980407913857903,0.0008876103543600244,0.0029964068452337234
2023-06-02,0.020201487356699355,-0.008981724784157707,-0.01622930905844855
2023-06-05,0.022087720845568315,0.007949515205165847,-0.045756399960707905
2023-06-06,0.02601140414581904,0.02805145743084525,0.012582610843377529
2023-06-07,0.01255493769317284,-0.002260996962911488,-0.0009347019087120323
2023-06-08,-0.0022056893301241054,0.01146155513950542,0.01888451531581059
2023-06-09,0.003446772863072489,-0.01862349349435022,-0.017324190937827444
2023-06-12,0.02277258622038314,-0.013652493351570372,0.04490789780255966
2023-06-13,-0.013808616278997099,0.007715708012965283,-0.029056580125181086
2023-06-14,0.007463836155478187,0.023125072933240398,0.06302796851533898
2023-06-15,-0.006260420018615154,0.005951842478257197,-0.05820464934556013
2023-06-16,0.001318274974380973,-0.004087493820886023,0.016552450896258675
2023-06-19,0.024097906155623905,0.0005895447946113741,0.01800015856379522
2023-06-20,0.004248783820950397,-0.01799228673470865,-0.026292664487065798
2023-06-21,0.001637196612190639,0.009714613359752544,0.01618334222806328
2023-06-22,-0.023399299956326725,0.013931142374642436,0.047056771505311845
2023-06-23,0.014334329350086383,-0.00616228972102173,-0.07354393925885772
2023-06-26,0.012496147710085559,-0.006429871552185884,0.01897382632415079
2023-06-27,0.04053872622440302,0.004598715228905315,-0.08246493216619633
2023-06-28,-0.004728792118630976,-0.005933125123233962,-0.03207267124440172
2023-06-29,0.004755979838438229,-0.000391912401650929,0.05994903075185776
2023-06-30,0.005302917261740037,0.03261645293315629,-0.018979940063566403
2023-07-03,0.029624485966505354,-0.003100568788820257,-0.03910083123137331
2023-07-04,-0.0009149008057770525,-0.004763719604445438,-0.005711447825397786
2023-07-05,0.005839370506375063,-0.009071728394517975,0.07635111313742615
2023-07-06,0.01181134669155215,0.011832334302468883,-0.060970964617857226
2023-07-07,0.004167624710558426,-0.002116120451728709,-0.03496976536634411
2023-07-10,-0.007209689651099249,-0.00909894732429506,0.055073158328778904
2023-07-11,0.004302850664415603,0.020629466000942287,0.06846130630528435
2023-07-12,0.02032925221458548,0.022135478437345535,-0.0024171667863828183
2023-07-13,-0.01752194895286907,-0.008371118897209096,-0.041290188316072673
2023-07-14,0.0031985586415219647,-0.027026175755374027,0.07740408475331217
2023-07-17,-0.011732802189027391,0.015836798999290247,0.058661615774165066
2023-07-18,0.022561587424207108,-0.009622848595819189,0.025277332792843055
2023-07-19,-0.02626624443809522,0.01253732547672426,-0.026866578363610394
2023-07-20,-0.009217846013903075,-0.02853647632386136,-0.0005158938103341226
2023-07-21,0.007618689394907285,0.014087263428844254,-0.0044028816085680544
2023-07-24,0.0294034220295063,-0.017414168686833875,0.012861806237208562
2023-07-25,-0.0003834311707864302,0.01162855379658101,0.05335999501618027
2023-07-26,-0.009151459631516423,0.0008144274836519028,0.03249643848697059
2023-07-27,0.035268514376119775,-0.013615549643821612,-0.035849776199493255
2023-07-28,-0.024947779769235345,-0.005490416957588895,0.05061675322491044
2023-07-31,-0.03803624642156023,0.010954341052051841,0.012233853698988995
2023-08-01,0.008758392329464071,0.002190813128505331,0.02556871523712867
2023-08-02,-0.00820314510314446,0.009410194772505598,0.05393305199947451
2023-08-03,-0.017428525899270242,0.030708684412916964,-0.03700331420594827
2023-08-04,0.013642639021378633,-0.02260423216175167,-5.3893802403059965e-05
2023-08-07,0.0052018959704047685,0.02516972948619145,-0.01725038781017818
2023-08-08,-0.009309808228300187,0.0021676851024949872,-0.052260003734767135
2023-08-09,-0.021999873083715427,-0.012799145966822634,0.013424154835462998
2023-08-10,0.01664117910995122,-0.019168604664175137,0.0931948666003104
2023-08-11,0.01258211829965905,-0.00223430607561681,-0.0612468506329491
2023-08-14,-0.0009846804317699132,0.014529290453189958,7.018107584499944e-05
2023-08-15,0.0346254383763287,-0.0013123748875512042,0.023900140406375447
2023-08-16,-0.01829215570483267,0.023540119769912993,0.005522932526455637
2023-08-17,-0.02630722685171627,-0.020945173387103888,-0.0027556779677520016
2023-08-18,-0.011586696432123955,0.0004187534350597044,-0.04330684652499206
2023-08-21,-2.0548083284110952e-05,-0.01802153604367751,0.009391360661994197
2023-08-22,0.0051935500548843105,0.006072843638344816,-0.02496970746041205
2023-08-23,-0.003535982678467775,0.014000411362105947,-0.07267136314129452
2023-08-24,0.007162526198800423,-0.005695147713784876,0.04394909398200819
2023-08-25,-0.021493363290892686,-0.03773289203512009,0.03535411023436508
2023-08-28,0.02714978031003401,0.0035906532074327924,0.003012663165556706
2023-08-29,-0.000678490931926401,0.007176708293920919,0.009260227121464348
2023-08-30,0.02113149875496867,0.006686677995359824,0.039563725516449155
2023-08-31,0.006993396617512637,0.01932101378443085,0.009092980219143287
2023-09-01,0.009062374850335786,-0.015346823800317377,0.033385819313022314
2023-09-04,0.01111715237406008,0.01086180730597941,-0.009169577676500174
2023-09-05,0.00889810896815546,0.018659566636700875,0.048247194657557335
2023-09-06,0.01244582224959423,-0.025741698377243383,0.012505042676757672
2023-09-07,0.02503293680498797,0.0054093554035805624,0.008023837845906767
2023-09-08,0.004346801106360321,-0.006938514046945787,-0.04233010544915272
2023-09-11,0.013654449633760724,-0.0006226461718953358,0.011306900097724393
2023-09-12,-0.0008149102772917471,0.005832088043673966,-0.027532304574084288
2023-09-13,0.027082347064030232,-0.006685977187798731,-0.020918014105613114
2023-09-14,-0.011310610036741275,-0.00949030131714279,-0.026967842008264298
2023-09-15,0.033774769398108306,0.001112905082098825,-0.03547374207540388
2023-09-18,7.71598650712857e-05,-0.01558595115102146,0.07849548353027025
2023-09-19,-0.024645175708904232,-0.015564970947915202,0.048957555964146415
2023-09-20,0.0031107077093812663,0.010849027730719163,0.07080731349366198
2023-09-21,-0.011393526354406047,-0.016494363913530763,-0.040747866461949944
2023-09-22,0.016059168203920393,0.010651009945847445,0.0037007120343304223
2023-09-25,-0.0108875287463156,0.007567358214840558,-0.04311567454930987
2023-09-26,-0.007205218844125394,-0.024970060164200114,-0.022883430852429942
2023-09-27,-0.032666278718432085,-0.009517885239082258,-0.03046087030685518
2023-09-28,-0.007314630662177968,0.018684043648069082,0.045594308707598064
2023-09-29,-0.041925586249649704,-0.014018298597568757,-0.012588136886662826
2023-10-02,-0.02732984364732427,-0.006345843480618396,0.039347670736036955
2023-10-03,0.014592915742715373,0.0075593420468413886,0.022595733181601574
2023-10-04,0.01505662879704972,0.012427444460971993,0.08526842892357323
2023-10-05,0.008494108057661043,-0.0031680543823372487,-0.04932264939023323
2023-10-06,-0.01646845808203723,-0.008327783207244477,0.04631363545755107
2023-10-09,-5.880268161007063e-05,0.02217790086105187,0.04219121113428481
2023-10-10,0.0007354245885209387,0.027042687125945042,-0.03233396783731546
2023-10-11,-0.019850888603354044,0.01540025103795184,0.037122101005543806
2023-10-12,0.028252921574384304,0.001881540017684813,0.013049484677698286
2023-10-13,0.016730941632157936,-0.01145783903534936,-0.006738860451000694
2023-10-16,-0.0031723126780923705,-0.011786652814095855,-0.0272593139652072
2023-10-17,0.001284769712294409,0.008473409399331722,-0.02368385972400555
2023-10-18,0.0045612615719277105,0.0068996670926329,0.07566967740894937
2023-10-19,-0.03531265757781077,0.021859471491624705,0.001224647933126377
2023-10-20,-0.0036425426727756394,0.010410568166238088,0.028986718990245297
2023-10-23,-0.0114101215856246,-0.021707138636531953,-0.02613391873294857
2023-10-24,-0.01708158693434525,0.016514088970180252,-0.025757324729277165
2023-10-25,-0.004250745170790826,-0.014268140773000426,0.03984271727168487
2023-10-26,0.03371422266345969,-0.005146281365524752,-0.0449916235655311
2023-10-27,0.012411563510505541,0.004362491173961258,-0.013243998013203195
2023-10-30,-0.009436416746604115,0.031005987355991804,0.0023938200103477136
2023-10-31,0.011168396099161315,0.04838279157044889,0.005111058186956674
2023-11-01,0.026329040789657476,0.009748051614187458,-0.005055442991517722
2023-11-02,0.017596430966289267,-0.0021456440885233574,0.015167569873099529
2023-11-03,0.001875102468657186,0.008654823001607248,0.02577656635965786
2023-11-06,-0.010786268486949413,0.014012093258296776,0.027277721033412305
2023-11-07,0.013457771106838434,-0.004201164696262971,-0.032754689121707314
2023-11-08,0.00791388750518629,0.027910571288328967,-0.008707298403742625
2023-11-09,0.017057320644581875,0.0040592780286807795,0.04395532893200538
2023-11-10,0.0123082227516369,0.008098765338963032,0.03304696272218233
2023-11-13,0.019887114258283045,0.010645124201528411,-0.045769555669546436
2023-11-14,-0.008795326620629096,0.006947824072499609,0.013593357381531446
2023-11-15,0.024816009121283678,0.01327140105976321,-0.06577491902215304
2023-11-16,0.0043662975047900066,-0.008621418373311984,0.002846765936507012
2023-11-17,0.03889193257067136,-0.007744382847154396,0.06996062163477812
2023-11-20,-0.011538298052152562,-0.01577653929018019,-0.031470410874807286
2023-11-21,0.03256639457320021,0.007218446746147356,-0.02761290371298397
2023-11-22,0.0043719231949932436,0.012359806355253689,0.028335054421113615
2023-11-23,-0.010866057292596376,0.007494537504537657,-0.05142844570999672
2023-11-24,-0.007878743718962244,0.026050931649284736,-0.020728573393466676
2023-11-27,-0.004953940109279409,0.0005161928992893916,0.022320905261745683
2023-11-28,0.008470661773148258,0.010687836031275433,-0.02078104000264036
2023-11-29,0.010263349337924499,-0.015651731495768595,-0.0070340936878113824
2023-11-30,-0.009481365773422845,-0.005192965231237356,0.027621079999212483
2023-12-01,0.00036168273073444723,0.011094155098819947,0.016082059301433915
2023-12-04,0.04014576964861161,0.013425859867273848,0.010594370968288302
2023-12-05,0.03240989890461088,-0.0038022572591376314,-0.01061256489052731
2023-12-06,0.008691378653210124,-0.0004738764629363956,0.014252754635736942
2023-12-07,0.0014851643729008046,-0.02192419937598833,-0.003125748448049692
2023-12-08,0.0029649506782383206,-0.004744148818864424,0.017372370783211855
2023-12-11,0.011913733352653999,0.014053583491502986,-0.01606222515850997
2023-12-12,-0.017456111663272433,0.009270785203753906,-0.0051764697674557825
2023-12-13,-0.0038254419563231723,0.008142960837753233,-0.03289530614951475
2023-12-14,-0.028811318932930874,0.001347512387755545,-2.526603102659397e-05
2023-12-15,0.008017989490704869,0.0007061966189203517,-0.02681884306608473
2023-12-18,0.01252734487179219,-0.00926166123771166,-0.037086433625369564
2023-12-19,-0.007866254131834283,0.011144063876933563,0.010305883724872622
2023-12-20,0.029560242186488006,0.006938555167109062,0.008683375829320772
2023-12-21,-0.02103930163838763,0.008012210049231472,0.029013504552170666
2023-12-22,-0.025234888064914696,-0.007264011246260305,-0.013793382322360492
2023-12-25,0.004851865097616148,-0.031202961670176776,0.015602314342675339
2023-12-26,0.019842057223510734,0.017203596937937382,0.020689026107321817
2023-12-27,0.03159969404934415,-0.006560944239009547,0.0169084397550332
2023-12-28,-0.007432160615143957,-0.012265790805854881,-0.027317809770982082
2023-12-29,0.020421987526545005,0.01106293027890426,0.006448424015860876
2024-01-01,0.00010685325739001605,-0.0052662739009683435,0.01404259416020448
2024-01-02,-0.0023046316481349916,0.01663590667165593,0.001452299909350474
2024-01-03,0.01684620238940826,0.009903810555078829,-0.06930784600294448
2024-01-04,0.012620790165041251,0.010912653181024412,0.006840426409062683
2024-01-05,-0.027198337537352346,-0.019692847659574797,0.08181326935765432
2024-01-08,0.027755939897483373,0.018956597169839107,-0.01133662504816535
2024-01-09,0.02597321931387575,0.004528982950902094,-0.023990245666607235
2024-01-10,-0.010405611731878817,-0.0049269795095611135,0.01436946183515686
2024-01-11,0.00795594526705412,0.002754614006414746,0.012207143696033596
2024-01-12,0.009739668181506289,-0.02570732080680349,0.04388124270257321
2024-01-15,0.005507237166854084,0.006752488107961696,-0.04192133006885368
2024-01-16,-0.00906416330676596,-0.014730994064085845,0.027160612654640426
2024-01-17,-0.011225736491778826,-0.019497471230288665,0.022105557981198398
2024-01-18,0.00034008453779277303,-0.021990003660250834,-0.003768011952697048
2024-01-19,0.02215088957527178,0.01744066854772064,0.01313963228449988
2024-01-22,0.0106410199819158,-0.00880000221849131,0.0379327679199426
2024-01-23,-0.005853856995778783,0.02388674063216545,0.0322398349856543
2024-01-24,0.014799013664280158,-0.007409435726873692,-0.03806238137445306
2024-01-25,-0.04922113003562678,-0.02470020126262029,0.030357198246606876
2024-01-26,0.021710090350297806,-0.016018188746529716,-0.0010635352212438054
2024-01-29,-0.03005396981582975,0.01932146373603727,0.0037576357075705946
2024-01-30,-0.005707586429495093,-0.0017369624007529394,0.0037689794921833553
2024-01-31,-0.019167970769495613,-0.007595318126474293,-0.004050280008399798
2024-02-01,-0.022252934434992988,0.003004778712601519,0.043843696649298325
2024-02-02,0.02193192724708415,0.008159852638175646,-0.0017286327850173366
2024-02-05,-0.007589673487507054,0.01751255999976231,-0.03727176580456393
2024-02-06,0.0070618882293567165,0.02257861232442937,-0.01249482820413661
2024-02-07,-4.4569426578822124e-05,-0.004785044708335184,0.007482167659352612
2024-02-08,0.009430928455492538,-0.01910584014288197,0.04521490757031854
2024-02-09,0.002185178068292437,-0.005586315600720981,0.02255900510418285
2024-02-12,-0.02204718842568132,0.004514366789097002,-0.028164507025242314
2024-02-13,0.01890936246237218,-0.013760826076958832,0.0921864965025927
2024-02-14,-0.008055001700394082,-0.013663065037676558,0.010522107983767404
2024-02-15,-0.026851389542690063,0.00577342054483565,0.046905506171203815
2024-02-16,-0.006882280777498417,-0.00012977685181225773,-0.004101570663185616
2024-02-19,0.028204087711974468,0.001092551331020486,0.02006624734511675
2024-02-20,0.01623435950253782,-0.01071956159910814,0.03105381199892676
2024-02-21,-0.005460773890131332,-0.002851936194369409,0.04481184326313081
2024-02-22,-0.005471614565591976,-0.013175924585954957,0.03894719787717338
2024-02-23,-0.0049770043871530945,0.014050773262973992,0.032235558116815
2024-02-26,0.03891974199883941,0.016259510255262954,-0.009779898277480492
2024-02-27,0.00770436520053952,-0.0267290996620142,-0.018635286723493794
2024-02-28,0.008577325907125566,-0.013254044150773914,0.012924065929668771
2024-02-29,0.019533431115553723,-0.02161100128023541,0.0344392397322244
2024-03-01,0.0051112228222269795,-0.009108621881310786,-0.006573523767235634
2024-03-04,-0.0038553077693819215,-0.0006513573215140012,0.03923100231927479
2024-03-05,-0.0027305624974928167,-0.020922696913316052,0.05341954920478886
2024-03-06,-0.000488703215116848,-0.013140793055955502,-0.03039958161797751
2024-03-07,0.0001300081931556729,-0.014355326054863227,-0.02770130722374764
2024-03-08,0.01399434860485349,0.0037158968302366535,-0.003706241929824605
2024-03-11,0.0017365319729192308,0.0016415108619294294,0.012038327717383002
2024-03-12,0.014085804478155328,-0.010173954887320091,-0.017013453881809637
2024-03-13,-0.0006526853501448437,0.0032576075905266233,0.0497238124004491
2024-03-14,0.0022178893116036047,-0.007571392768812468,0.016171709361064712
2024-03-15,-0.034556417544931994,-0.003468796431432497,0.002583979423344873
2024-03-18,0.017444303381142667,0.026034920099896164,-0.047872984393242834
2024-03-19,0.007061608966109967,0.02092279142223208,-0.04386250550141402
2024-03-20,0.01894133555262556,-0.018716351053932434,0.011096437541678217
2024-03-21,-0.050037336565225576,0.013131456423436605,-0.07080889131386536
2024-03-22,0.03913719089578627,0.012852845139851743,0.03732191410876862
2024-03-25,-0.0017111476214605181,-0.01648653400113753,-0.004326000339709424
2024-03-26,0.02096401193490638,0.012964990706818558,0.12154618315192955
2024-03-27,-0.017758728376842448,0.023951312168195127,0.08543091927980284
2024-03-28,0.011900180662161919,-0.016107043698405765,-0.0051374752240386234
2024-03-29,-0.017997554335238752,-0.013076294881652517,-0.002518618034549225
2024-04-01,-0.010373659850882455,0.015991438047980644,0.03670286299939818
2024-04-02,0.035881302471753695,0.004683362482839293,0.06269808921464048
2024-04-03,-0.0026288217940930725,0.008911618252990028,-0.05458473770532113
2024-04-04,0.004724919110613124,0.005725164716674502,-0.05948072994169262
2024-04-05,0.01659745151074765,0.006481352461613188,-0.02036107412538879
2024-04-08,0.009769688824663225,-0.019112085116557043,0.021830692774913896
2024-04-09,0.003513698910464491,0.01644349587352667,0.01876445626167622
2024-04-10,0.00739651814448683,0.018309449553122414,0.039398313400488494
2024-04-11,0.04504660293692675,-0.0028368297334313564,-0.039968721704092935
2024-04-12,-0.00023711023152905852,-5.21528871987309e-05,-0.07675905699601815
2024-04-15,0.004429564486656989,-0.022118334352428715,0.0317232854340046
2024-04-16,0.019907339077697594,0.00834847712700415,-0.027404365545501408
2024-04-17,0.020915186613414072,0.009223135005453686,-0.06709049392295297
2024-04-18,0.022414048750714954,-0.00033280986149697434,0.00629697421283093
2024-04-19,0.012373064755425878,0.017618710573930496,0.029384601167336877
2024-04-22,-0.019579863456599567,-0.004401443595058008,-0.003067285861526714
2024-04-23,0.030662467248989023,0.009110337677050051,-0.014715348748546742
2024-04-24,-0.019638813018828305,-0.014587521020453686,-0.004368110059285724
2024-04-25,0.0062669943210693635,0.00024674817421010964,-0.011701396549958498
2024-04-26,-0.012695686413309759,-0.0020132844870572875,-0.04494051159502199
2024-04-29,-0.00035442741443303394,0.00398754802853829,-0.023532512054825983
2024-04-30,0.006740337900194904,-0.004930707885760777,0.019635078060905586
2024-05-01,0.006606154892617955,-0.001371148051426796,0.012536682475970284
2024-05-02,0.008429906808936627,0.013075453384978397,0.007107230537544806
2024-05-03,0.030296683339996022,-0.005933788680509533,-0.03307098809016873
2024-05-06,0.009003910947861238,-0.023224713045262413,-0.005139358746810485
2024-05-07,-0.0035883658073708746,0.027207297880824877,-0.07225398707505326
2024-05-08,0.018319346696146432,0.021550745197167487,0.007474478733515921
2024-05-09,0.022458957536535262,-0.01860862165951449,0.052543925108588185
2024-05-10,-0.021071762201933297,0.011005739504079015,-0.049145879993796604
2024-05-13,0.011620197244393449,-0.0069205633977980074,-0.019122273194726702
2024-05-14,0.013511576720893093,0.004562685726287707,0.012799964397123054
2024-05-15,-0.004545779585817811,0.0050259498613010045,0.046079631415087974
2024-05-16,0.025892250922422644,-0.00291186926552367,-0.014383417502832896
2024-05-17,-0.0018991948094378985,-0.011094482197128719,-0.022765623381199585
2024-05-20,0.0030650638944702546,-0.009710659858490955,-0.06547071034672414
2024-05-21,-0.00231261461400456,-0.013056888234665331,0.004831971028018689
2024-05-22,0.0010810067234963139,-0.011807076033109931,0.07537846641845913
2024-05-23,-0.018754849010139907,-0.0004075912628437317,0.010967250328310918
2024-05-24,-0.024808011304939148,-0.010085199676963752,0.0004203240399738295
2024-05-27,0.0299405592786115,0.010889646220942462,0.012550991673247802
2024-05-28,-0.01434147142893294,0.02317311172914538,0.0008121094442479215
2024-05-29,-0.016900617072953317,-0.008068075571964872,-0.02688742345260553
2024-05-30,-0.037249533795659096,0.004199862313708058,0.03046978175227011
2024-05-31,-0.010644256128597873,0.008128132004475042,0.009143199305481575
2024-06-03,-0.022752777313446493,0.0077096011690569455,0.001818114587448516
2024-06-04,0.030821722366320303,0.0017408425288290008,-0.03240126824068801
2024-06-05,0.019157909715568966,0.011809423341695213,0.04793627485889962
2024-06-06,-0.011519838839471941,0.007864498266477504,0.02476630972732652
2024-06-07,0.042210402253468615,-0.017804528872424452,-0.01798846995625225
2024-06-10,0.01864343738896479,0.013730753650681882,0.036929424836520175
2024-06-11,-0.005034250374707727,0.01400654781461097,-0.016084224250240586
2024-06-12,-0.04322717950996702,-0.01079065026275694,-0.025830652358548867
2024-06-13,0.042933031420421486,0.0011697511575365915,-0.02507000358613387
2024-06-14,-0.023921537995049258,0.010909008892118877,-0.058976719335626426
2024-06-17,-0.028405922458266786,-0.0025364849656218658,0.017861627764674815
2024-06-18,0.01939189463232882,0.016834805480105075,-0.06095330327784043
2024-06-19,0.0457303526063122,0.03671606490268786,-0.040934143204615636
2024-06-20,0.026050443488202735,-0.011127417647048388,-0.06895305650493588
2024-06-21,0.01101053884288583,-0.01991469878301011,-0.00181079777150972
2024-06-24,0.011572021894309392,0.005170600588391583,-0.004052980523974292
2024-06-25,0.01629278317409799,0.011488934201198564,-0.010182174528491239
2024-06-26,0.01456577656251623,-0.0028589011441558787,-0.03467478042221228
2024-06-27,0.005878657516303898,0.022651649032408017,-0.03904546513994145
2024-06-28,0.002679202536552072,-0.01929059544594225,0.01760613779543907
2024-07-01,-0.0003266229492980832,0.011054433004823006,-0.017907046337344634
2024-07-02,-0.012690154827197486,-0.008451991685899052,0.012348157907725588
2024-07-03,-0.004243123788007952,0.02674198597911137,-0.029344540276015074
2024-07-04,-0.029237295017676357,0.030957240432569533,0.007565672157244352
2024-07-05,-0.000969642874543819,-0.010840660706975203,0.04792784287096152
2024-07-08,-0.016851045630735695,-0.007614220865202359,0.021953307146021395
2024-07-09,-0.018884027461020025,0.013585270755532397,-0.013147292924193033
2024-07-10,0.004046258810673331,-0.005193427030231845,0.01025418141927159
2024-07-11,0.026193208249616573,-8.11649749288268e-05,-0.007197255913704459
2024-07-12,0.017480729315952015,0.0009813074755604667,0.001476896002592154
2024-07-15,-0.027095168434738026,-0.02780132508065314,-0.010144579903704432
2024-07-16,-0.016869397438461164,0.00039251082080715705,-0.004541388772415167
2024-07-17,0.01789206031694257,-0.009698579073049163,0.008660554830441036
2024-07-18,-0.01674302422305085,-0.006773796046685487,-0.03301041545886796
2024-07-19,-0.0032381425708131184,0.022503958225011056,-0.03377230066137993
2024-07-22,0.010758397592202984,-0.01808212396218456,-0.04629319722107006
2024-07-23,-0.01649268178322516,0.012880323687489703,-0.053334518713218704
2024-07-24,0.0027003986363838273,-0.0035780275045024235,-0.040559420660253864
2024-07-25,-0.022945122292710396,-0.0035899432176139667,0.006804232051537351
2024-07-26,-0.009974538592833926,0.012533472226012865,-0.029600622695697854
2024-07-29,0.006577612915793729,0.005717049726573498,0.019361556423284965
2024-07-30,-0.027488994849629744,0.009201268740321122,0.002417899622286779
2024-07-31,0.008766750111291577,0.015237697603698086,-0.06545700769725815
2024-08-01,0.0004466193240444394,-0.004360092823320727,0.024417486764326535
2024-08-02,0.010802752055947273,-0.008546817519999306,0.030019725053660906
2024-08-05,0.004842139865855133,-0.015555009365088024,-0.03302747216714952
2024-08-06,0.025678687619915763,-0.011712031836554004,0.01603388908773451
2024-08-07,0.003058709382241398,0.045856760879267044,-0.02836731138199733
2024-08-08,-0.006905347498828096,0.01945706229513,0.0046291447250601525
2024-08-09,0.0030058636301466546,-0.019473998900765066,-0.042143634847591316
2024-08-12,0.010635523868181673,-0.019053021552707716,-0.05970227565451647
2024-08-13,0.0016808923843958379,0.007858709749988035,-0.012124500312403863
2024-08-14,0.0015318224849771855,0.008847885131923139,-0.003125618172653999
2024-08-15,-0.011766082229813124,0.00887238587444572,-0.01263824730325469
2024-08-16,-0.011070482684120142,-0.003219144311459976,-0.03944214999801998
2024-08-19,-0.02415048986434798,-0.0012809927275071464,-0.012714940510125339
2024-08-20,0.03281943833311929,0.005533446132545583,0.010681965474536037
2024-08-21,-0.021358152319640222,0.0018901792352938873,-0.00037118714728745505
2024-08-22,-0.011604436613852465,-0.03216097845446486,0.007616394364394319
2024-08-23,-0.012058042846412431,-0.002842945613162562,-0.022008237726376167
2024-08-26,0.017052398937623003,-0.012097328302038801,0.04311364207987323
2024-08-27,-0.004498943506518582,0.0032333874399177454,-0.03917795761454124
2024-08-28,0.023531965621019335,0.046424259305425375,0.018432428548590174
2024-08-29,-0.011258969242903372,0.006130942745524948,0.043485120545819544
2024-08-30,0.005838875086513484,-0.004094539712357181,0.01819533742862256
2024-09-02,-0.01413539076674808,0.01453159430044848,-0.005871045603892289
2024-09-03,0.04019966915725037,0.00787113408624851,-0.017141775530722825
2024-09-04,-0.02036651438627768,0.006925287017445658,0.03817365432285991
2024-09-05,0.006397147685337723,0.009749983275359142,-0.04744184848369559
2024-09-06,0.012282805455321233,0.031947871294905505,-0.03222373451073923
2024-09-09,0.00828249539553827,-0.016230174561307598,-0.01263403374348504
2024-09-10,-0.002531967010339753,0.007734237035877278,0.04552367208835473
2024-09-11,-0.0015355923648561198,-0.013207719333974022,0.014597383462573
2024-09-12,0.001589868999374744,0.008972705227761058,-0.03215332858264608
2024-09-13,-0.0018443331528203988,-0.013093817908880978,-0.009614254364775032
2024-09-16,0.01831553317179102,-0.005644511747040948,-0.020096625907466525
2024-09-17,0.041424423492848916,-0.0038190375692981338,-0.023365317753229142
2024-09-18,-0.009192341842591212,0.015353929563981517,0.036097378954121906
2024-09-19,-0.023574137915799986,0.014480660137191848,-0.045732271938591085
2024-09-20,-0.0007887656310381352,-0.017923194795254616,0.05919303445900592
2024-09-23,0.04836810355543708,0.0014250260510508816,0.03064831797377443
2024-09-24,-0.013573184441721176,-0.009993428326247278,0.040165836351125694
2024-09-25,0.03076794540354766,-0.018111551841440976,-0.014890900392627526
2024-09-26,0.031484074922551786,-0.002651733682824564,-0.004039743362188819
2024-09-27,-0.009122721506008014,-0.004019143363608868,-0.04778108082319543
2024-09-30,0.01110287993046244,0.03769379630144254,-0.01701673583788965
2024-10-01,0.030569064227151665,0.007119622233934919,0.01864969279734896
2024-10-02,-0.006006189630866854,-0.019864314697672247,0.04766324919931808
2024-10-03,-0.0028603478693717266,-0.00784071007079401,-0.03685421137776346
2024-10-04,-0.009623649874663687,0.016048159820938546,-0.011525771265705975
2024-10-07,-0.0173139813028359,0.032441764243935856,-0.004087097696897746
2024-10-08,-0.010827946954780843,-0.022922933881756147,-0.046535057772284505
2024-10-09,-0.021007135268739652,-0.027221496703546677,0.02213872719161669
2024-10-10,0.001414501894084097,0.02907925743344064,-0.023850630356141767
2024-10-11,-0.012974612661967422,0.006465021273331928,-0.005622794872658821
2024-10-14,0.005020708139044094,-0.012347526891691829,-0.014511900459101112
2024-10-15,-0.026839368607211922,0.008656690592928618,-0.026080714334671407
2024-10-16,0.006778716373132099,-0.03818794467196418,0.0009538801627619886
2024-10-17,0.015929057384027168,0.0006508443062589464,-0.006326239797627253
2024-10-18,-0.034478820996813764,0.005532566019928797,-0.011745502537553132
2024-10-21,0.007561462818896469,0.014569162658015555,-0.02400338104335653
2024-10-22,0.023162214517228552,-0.014502253732471049,0.012460354798520923
2024-10-23,-0.020755123324912916,0.0018870857304638111,0.060856503900590386
2024-10-24,0.031388861278814906,-0.01319356117210757,0.006114671895764534
2024-10-25,0.008377236470926253,0.004440586649178568,0.03672233716022055
2024-10-28,-0.011819804152885971,-0.01274823876424025,-0.046349252548548714
2024-10-29,-0.00020382262318496824,-0.005506297053910814,0.006744291367015043
2024-10-30,0.010908957874803171,-0.014234942255508809,-0.03652418358144183
2024-10-31,0.0021704490673193355,0.010420967607126519,-0.04923881938983321
2024-11-01,0.010552901062195419,0.0135679876980479,-0.024375986891628787
2024-11-04,-0.015648396058826508,-0.00291505151170135,0.04385070535853863
2024-11-05,0.0038559097979882218,0.001174258827049579,0.03505084799012059
2024-11-06,-0.024345607129068636,-0.020907220441682473,0.009752413114054947
2024-11-07,-0.0012013469086165074,-0.003887573464506189,-0.051093034662920034
2024-11-08,-0.015351286584632473,-0.00015305754112548975,-0.0056537796881458435
2024-11-11,-0.012362487726653826,0.040719079019701176,0.01182891506276218
2024-11-12,0.02331737377910792,-0.01595092025746747,0.007370799630468161
2024-11-13,0.020653983536585985,0.022819120551650363,-0.061368931638104085
2024-11-14,0.011833959917478154,0.015674457130578023,-0.029516739338185438
2024-11-15,-0.01868486234396516,0.004821130498544823,-0.0010421782997900308
2024-11-18,-0.00488338938695787,0.027346543931622058,0.020170919946466803
2024-11-19,0.022893891380961318,0.0062007274969717585,-0.07287277008839821
2024-11-20,0.00335652500204886,0.006458152449230425,-0.004464344198895187
2024-11-21,0.043466070298208814,-0.00019679042948583803,0.006226008463610766
2024-11-22,0.007910847814349697,0.019134291644824275,0.031419923708426944
2024-11-25,0.004265957498164941,0.017193168448067286,0.025776632003910116
2024-11-26,-0.004752766048634505,-0.008746682557618235,0.021824746501118764
2024-11-27,0.0032088737340540963,-0.019005776603657765,-0.02644203955485902
2024-11-28,-0.0019425678229388899,-0.002441723692205522,-0.06347594821843672
2024-11-29,0.013638118316055436,-0.011335838130601794,-0.012478338249078402
2024-12-02,0.018183993223758854,-0.00035280636842127677,0.03692241936854912
2024-12-03,-0.013259123300274123,0.01934633315923784,0.0512405137292502
2024-12-04,-0.02289600866752095,-0.006239974813308957,0.026411992795690287
2024-12-05,-0.031737157171328634,-4.23498228946384e-05,0.01635930043295497
2024-12-06,0.009993448182820774,0.001471422503470432,0.014592838514859263
2024-12-09,-0.018880094356647947,0.013415656313268798,-0.018098377241725583
2024-12-10,-0.03724087730942505,-0.03256142068909762,-0.003346498225218264
2024-12-11,0.007824870409480988,-0.008464477288974703,0.061430401045960314
2024-12-12,0.046733111240216285,0.003776367960832694,-0.031289555084071274
2024-12-13,0.0006909621967556845,0.01877526406372776,0.059415411782922645
2024-12-16,0.016019796733247826,-0.006755614255427478,-0.010020442847114897
2024-12-17,0.002275513513915417,-0.027172297005229162,0.04874071337984409
2024-12-18,-0.0009795337007915128,0.009944795753410007,-0.04690293201116513
2024-12-19,0.017494646294536897,-0.008890677930130209,0.021943950211985586
2024-12-20,-0.004415166164630446,-0.017097155951934062,-0.02428715764469258
2024-12-23,0.0056288443998815385,-0.00872687863835453,-0.04718484157107927
2024-12-24,0.00661232604487183,-0.0021655322093461216,0.008887956885230253
2024-12-25,-0.011162855907293268,-0.008435390709765844,0.03720698859259852
2024-12-26,0.01883188707306105,-0.03196156881522605,-0.027974218163940856
2024-12-27,-0.0023465182322578437,0.014155242895888431,-0.04997365065166082
2024-12-30,-0.012721797868477047,0.019918911512839088,-0.0020125388741183414
2024-12-31,0.010512044547398514,0.010426814165027443,-0.0018585073396563123
2025-01-01,-0.015254871094317224,-0.016330473169871906,0.020600507561523207
